Sample_No,image_no,moisture,soil_type,soc,SI,lab_b,CI,median_s,luv_u,mean_r,entropy,xyz_Z
1,1,12.26,1,1.17,1.759089272,21.45497656,0.486021303,82,15.48869645,175.0611647,13.72292041,0.220850794
3,4,68.36,1,3.34,0.538802673,9.028345875,0.228250108,41,7.254426272,152.9510922,14.41565351,0.243752688
4,6,13.5,1,1.22,2.193528626,25.68159375,0.658256742,99,15.82543867,162.9836177,13.30445934,0.159225604
4,7,13.5,1,1.22,1.635630565,22.59476564,0.430063861,85,15.26672661,171.9700853,14.18959667,0.20474305
6,11,69.63,1,4.43,0.604913626,9.790854304,0.269885757,45,7.764245388,150.7805724,14.77236308,0.228473536
7,12,86.86,1,5.34,0.876443863,14.41146271,0.331214571,64,11.16373759,155.5428292,14.78650092,0.206031298
7,13,86.86,1,5.34,0.516181895,9.199314691,0.216992828,41,6.708487394,151.6105708,14.64671975,0.240142711
7,14,86.86,1,5.34,0.679224061,11.05930802,0.286096673,50,9.007474734,156.0714286,14.59384319,0.235813756
8,15,4.13,1,0.99,2.100016312,28.05963592,0.564867767,108,16.40336662,159.6281091,14.05548365,0.138034128
8,16,4.13,1,0.99,1.613534721,28.04520664,0.44245281,107,16.37981651,159.1781728,14.7445965,0.136946846
9,17,34.31,1,1.31,1.340567284,21.71090729,0.416578934,88,15.44275975,162.1806441,14.74362522,0.175969596
9,18,34.31,1,1.31,1.33586119,21.04492444,0.38890096,81,15.04517697,170.7757494,14.44932319,0.209500065
9,19,34.31,1,1.31,1.393296657,22.38156081,0.427462244,88,16.02175846,167.9445552,14.45816692,0.189339846
1,20,0.0,1,1.38,1.67808977,24.66506552,0.648100168,103,12.77337398,141.3242188,13.35948335,0.113908494
2,23,0.0,1,1.48,2.554788608,25.41573076,0.740292677,100,12.93439414,149.6930604,12.46003892,0.131992166
3,27,0.0,1,2.12,1.907125073,20.95550546,0.596571441,88,10.94480709,141.894591,12.71577259,0.134446027
4,28,0.0,1,1.32,2.201644392,16.46758082,0.575721304,69,10.74261401,153.7985292,11.94103641,0.191272098
4,29,0.0,1,1.32,1.807602683,22.75106242,0.595493648,93,11.34343011,142.8822943,12.90531423,0.128933763
5,32,0.0,1,2.2,2.125487546,21.09028803,0.637649617,88,11.14222079,143.069874,12.44980918,0.136506462
6,35,0.0,1,1.49,2.347138528,21.70339217,0.521455838,86,10.90890282,148.82954,12.74096371,0.151011479
7,37,0.0,1,6.72,1.44892399,15.45180607,0.66637065,74,10.95433587,136.729831,12.29190276,0.141978743
7,38,0.0,1,6.72,1.568965935,21.15370636,0.622207117,92,13.41415885,144.2184311,13.56136958,0.132411526
7,39,0.0,1,6.72,1.048673138,14.10091343,0.241304411,53,7.287311746,161.938915,14.0290953,0.249410384
9,44,0.0,1,3.11,1.555403349,20.57595311,0.672724991,90,11.86956953,138.2390784,12.6241574,0.123416844
9,45,0.0,1,3.11,1.743983518,19.33765306,0.451013663,74,10.80353738,161.6602559,13.24298883,0.20350709
1,47,46.78,1,1.38,1.794961846,25.45449797,0.672643896,108,17.29596018,149.6291853,14.01263731,0.119429098
2,48,46.5,1,1.48,1.230061812,20.9526996,0.54058725,102,13.65754895,128.1736886,13.62981921,0.093442374
2,49,46.5,1,1.48,1.621931102,22.83062649,0.62503459,105,15.58461183,138.4635085,13.7689041,0.105978476
3,50,51.14,1,2.12,1.550449558,20.50542026,0.566437442,94,14.28769584,138.6976443,14.00057271,0.117965463
4,51,48.55,1,1.32,1.016479046,19.83771306,0.464837604,99,12.27455395,123.261639,13.72347387,0.089489534
4,52,48.55,1,1.32,1.531173799,21.73731401,0.563481382,99,14.76721916,139.571887,13.98275807,0.11448355
5,53,51.05,1,2.2,1.451034298,21.01651455,0.533039204,95,14.29466091,141.9511918,14.18941977,0.124377758
6,55,39.76,1,1.49,1.298189206,19.33637554,0.512519031,88,11.5560495,132.890346,13.63469672,0.115229053
7,58,53.32,1,6.72,0.89256295,15.2289042,0.340840508,75,10.19973566,130.0918766,14.42854317,0.1269833
8,59,48.3,1,1.18,1.802034073,26.56302387,0.699259388,114,17.09867837,144.7016303,13.85401045,0.104350001
8,60,48.3,1,1.18,1.876995119,26.85779375,0.674010723,113,17.18651234,148.0205875,13.92473775,0.110885494
9,61,58.85,1,3.11,1.354423456,17.7059432,0.540528522,81,12.41619085,140.6910276,13.96652374,0.139359337
9,62,58.85,1,3.11,1.301763196,17.77542398,0.521148732,83,12.03948298,137.1311185,13.92345283,0.130508509
9,63,58.85,1,3.11,1.401336509,19.47849436,0.557821011,91,13.2065762,135.4589644,13.98314857,0.116504053
1,65,6.86,1,1.38,2.038112606,30.37366933,0.617167587,122,17.620782,151.8234813,14.14361083,0.106810902
2,66,7.21,1,1.48,1.912338151,27.5179118,0.695701127,113,16.09054249,148.1412229,13.72780103,0.111695738
2,67,7.21,1,1.48,2.22592103,29.49461261,0.685565686,116,17.19465355,154.6802256,13.81740287,0.117704139
3,68,12.83,1,2.12,1.561901953,26.17796897,0.465187205,111,15.87113249,144.3299187,14.44186811,0.107807602
3,69,12.83,1,2.12,1.753374148,28.05749926,0.52236222,113,17.29209471,152.8005222,14.26573768,0.117968356
4,70,7.34,1,1.32,2.053647028,29.6713274,0.631947519,119,17.8203759,152.5439055,14.10769129,0.110369519
4,71,7.34,1,1.32,1.838508178,27.70624799,0.625009191,114,16.79691377,149.9001315,14.1312092,0.113442077
5,73,10.52,1,2.2,1.790423769,26.5622169,0.539493971,109,16.12260806,148.9572106,14.14327606,0.116928549
6,76,8.04,1,1.49,1.910268541,27.26856508,0.525890802,106,15.9526602,156.5037269,14.01483696,0.134076039
7,77,12.25,1,6.72,1.446137149,25.91886743,0.501551549,113,17.16664427,144.5807159,14.65611076,0.106029877
7,78,12.25,1,6.72,1.502242843,27.38452917,0.512860037,121,18.36969865,143.7710061,14.64672957,0.096647799
7,79,12.25,1,6.72,1.464567858,26.65886839,0.511007625,114,17.81389848,147.933514,14.700802,0.10978057
8,80,7.07,1,1.18,2.161013289,30.24916119,0.682839252,122,17.85726293,151.1367785,13.95919457,0.105080049
8,82,7.07,1,1.18,2.440508456,32.67596585,0.673267459,125,19.36677751,159.744898,14.08399892,0.11317784
9,83,14.96,1,3.11,1.726621592,27.51209058,0.57439807,113,19.12078465,155.5149673,14.2940207,0.121857862
9,84,14.96,1,3.11,1.705720459,25.23561937,0.561433053,105,17.34268123,152.4481425,14.19813227,0.1272586
9,85,14.96,1,3.11,1.694390704,26.1513633,0.503640162,108,17.23580338,152.3059232,14.43392979,0.123789391
1,86,2.73,1,1.38,1.76239758,24.18840747,0.515442098,95,13.43267862,155.6067243,13.86428058,0.151828458
1,87,2.73,1,1.38,1.625447345,23.25533447,0.475379975,92,12.89902187,153.4893575,13.92134858,0.151388508
2,88,5.1,1,1.48,2.130419545,28.52628432,0.556322348,109,15.59406153,158.2756696,13.75343567,0.134923015
2,89,5.1,1,1.48,2.021038532,27.30332519,0.477631525,99,14.57301826,166.3104074,13.90486492,0.166144289
3,91,5.56,1,2.12,1.536643874,25.22523606,0.464807857,96,14.54098008,159.6640027,14.21993133,0.155608724
3,92,5.56,1,2.12,1.366757863,23.57987407,0.403303266,94,13.514467,151.4877033,14.42378686,0.142392268
4,93,2.37,1,1.32,1.774299238,25.92480505,0.586553123,102,14.46141972,153.7695313,13.94340743,0.136386774
4,94,2.37,1,1.32,1.772010979,25.44259648,0.524094928,97,14.33286544,159.4185467,14.01511127,0.1546324
5,95,4.33,1,2.2,1.690854317,24.54894758,0.481726955,96,13.54243441,153.835499,14.02222178,0.144919745
5,96,4.33,1,2.2,1.607494609,23.71183199,0.441019034,91,13.01780488,157.351144,14.10156579,0.160396419
6,97,2.79,1,1.49,1.512366703,24.02142588,0.380015542,90,12.00786055,157.8844467,14.15149804,0.164080057
6,98,2.79,1,1.49,1.452527188,23.20609535,0.351639837,85,11.99854164,162.5595105,14.24365562,0.182573472
7,99,5.68,1,6.72,1.337202768,23.80585106,0.412685044,100,14.07189443,146.388074,14.57476823,0.126132768
7,100,5.68,1,6.72,1.20900723,21.48224242,0.392550808,92,12.7606842,143.4782964,14.59769638,0.131124743
8,101,3.91,1,1.18,2.035033189,29.25144713,0.517935117,109,16.27576068,162.5590123,14.03987337,0.141608404
8,102,3.91,1,1.18,1.904649838,28.39024087,0.478114982,104,15.65664464,164.9670759,14.12308836,0.15385972
8,103,3.91,1,1.18,2.013245399,32.39009411,0.444325601,116,16.24950699,165.0045041,14.49627251,0.135746199
9,104,10.48,1,3.11,1.707694413,25.83328353,0.507947568,102,15.34525363,155.2989278,14.22387203,0.138263094
9,105,10.48,1,3.11,1.532240433,23.86476567,0.43857271,94,13.90229358,153.9855309,14.25445723,0.147034686
9,106,10.48,1,3.11,1.850898298,30.55683042,0.465347175,114,17.54532187,163.0736408,14.59998102,0.134131195
1,107,0.75,1,1.38,1.904631341,28.83063551,0.643666737,117,16.68024869,149.5976762,14.01040364,0.109157617
2,110,0.71,1,1.48,2.470900447,30.98665856,0.636438684,118,17.98378486,161.2184511,13.89363555,0.126468735
3,115,0.85,1,2.12,1.706146553,26.56555909,0.517783459,104,15.32661651,154.8213688,14.12675376,0.134148973
4,116,0.69,1,1.32,1.894786755,26.6056672,0.718424307,109,15.50386649,149.1075614,13.59067464,0.118794995
4,118,0.69,1,1.32,2.438190383,33.00757826,0.568716715,120,19.45677411,169.5285993,14.30738083,0.136228947
5,120,0.87,1,2.2,1.799261986,25.62439845,0.646225765,106,15.20428125,147.8927176,13.79719613,0.120115219
6,122,0.62,1,1.49,1.581913066,24.10742788,0.502062023,98,13.71467054,147.782665,13.97084294,0.129669365
6,123,0.62,1,1.49,1.7273307,27.99360842,0.494106523,105,16.27099836,161.6867626,14.2285217,0.144334109
7,126,1.03,1,6.72,1.297058266,22.21779936,0.420091446,98,13.479766,139.8386679,14.49823598,0.116955951
8,128,0.68,1,1.18,2.264788022,30.45290319,0.586882772,115,17.66624853,162.5983937,14.11031709,0.132943104
8,130,0.68,1,1.18,2.221075233,30.09330336,0.637581082,118,17.45332589,155.6548948,13.96226278,0.117278014
9,131,0.98,1,3.11,1.876385358,25.10279735,0.545323066,99,15.81392154,158.6738481,14.08609769,0.149211965
9,132,0.98,1,3.11,1.869011999,27.27597767,0.543357615,107,17.04010632,157.7781808,14.24071496,0.134308638
9,133,0.98,1,3.11,1.770446405,26.50221808,0.536975799,103,16.55382259,159.5723852,14.24721606,0.143697226
1,134,19.4,1,1.38,1.83766853,30.64861096,0.709954982,134,19.21811355,142.1470225,14.1048234,0.081840515
1,135,19.4,1,1.38,1.948217964,29.46864507,0.635820193,120,18.64730249,152.7097816,14.3203678,0.109406175
2,136,19.86,1,1.48,2.071200376,29.83606423,0.737041264,123,19.56225034,151.5737006,13.91683637,0.103383709
2,137,19.86,1,1.48,1.634844986,27.7624632,0.779897387,123,17.78281239,139.83524,13.76246221,0.088449836
3,139,5.03,1,2.12,1.471343686,22.02505101,0.531295366,101,15.29668032,140.0151865,14.3076545,0.113153859
3,140,5.03,1,2.12,1.439225864,25.02568001,0.531187878,114,17.04596415,140.9127272,14.54248657,0.100854274
3,141,5.03,1,2.12,1.398399945,24.83228047,0.511788518,112,15.90210884,139.0050223,14.51008876,0.099928431
4,142,1.81,1,1.32,1.898723427,28.64314521,0.725068336,121,18.41322505,149.114198,13.89459794,0.104430526
4,143,1.81,1,1.32,1.94440503,29.54423996,0.674189688,121,19.45196136,154.6189214,14.22376804,0.111655879
4,144,1.81,1,1.32,1.938124613,29.02079764,0.667903791,119,19.02196783,153.6031768,14.2168291,0.112114399
5,145,4.12,1,2.2,1.793764552,26.28289775,0.582866175,109,16.95972973,150.2485651,14.29359986,0.118891497
5,146,4.12,1,2.2,1.632716426,23.88247459,0.54094422,104,15.08710729,142.839784,14.31645959,0.114136648
5,147,4.12,1,2.2,1.85292807,28.25565804,0.593602456,117,17.84568451,150.3342235,14.35952676,0.109933734
6,148,2.36,1,1.49,1.629240326,25.9561604,0.595782694,111,16.07178282,145.015904,14.30116183,0.109663932
7,150,25.64,1,6.72,1.290654952,22.11997784,0.482116342,110,16.13569623,132.4382374,14.52182269,0.09332684
7,151,25.64,1,6.72,1.27332806,23.25571704,0.497522814,114,17.11774858,134.1554129,14.66970901,0.091351225
7,152,25.64,1,6.72,1.129590074,19.88403348,0.44668196,99,14.08857142,130.6450694,14.58173575,0.10126108
8,153,22.42,1,1.18,2.108339684,31.63344818,0.859935222,133,20.6574097,148.3475167,13.75656032,0.088469749
8,154,22.42,1,1.18,2.313487995,32.87979933,0.892511987,133,22.00949264,154.9745297,13.87255548,0.095671101
8,155,22.42,1,1.18,2.180953412,30.16329012,0.722312547,124,17.80345967,147.2827846,13.85525333,0.096904737
9,156,23.27,1,3.11,1.516833098,25.64272902,0.585901537,113,17.06120541,143.9930046,14.42570349,0.105843383
9,157,23.27,1,3.11,1.477067534,22.38201193,0.49213868,100,14.85344865,142.5615633,14.47715724,0.119392798
9,158,23.27,1,3.11,1.36123476,20.7700067,0.497543769,97,14.1651201,137.7577129,14.44716014,0.115028104
1,159,3.03,1,1.38,1.923519906,27.67676431,0.578094432,109,16.04185333,154.2984096,14.10470207,0.126497678
1,161,3.03,1,1.38,2.163035273,29.30200907,0.606506792,113,17.23375777,158.2329998,13.98981959,0.127205524
2,162,2.6,1,1.48,2.380456554,31.4521482,0.563620354,115,18.03339909,167.3793248,14.07407327,0.140707952
2,164,2.6,1,1.48,2.294698264,33.39861497,0.486660064,116,19.35977026,177.0750359,14.24225977,0.155695018
3,165,5.03,1,2.12,1.71317914,27.5318751,0.493447542,110,16.28569429,153.931262,14.40861759,0.125423322
3,167,5.03,1,2.12,1.48537349,25.73131108,0.408469965,100,13.68248613,153.4089804,14.55757211,0.138515953
4,169,1.81,1,1.32,2.141876175,29.92573186,0.489582712,107,16.87846855,170.5571987,14.07345629,0.159603815
4,170,1.81,1,1.32,2.055959949,28.03051031,0.602466508,108,15.84143735,158.6512077,13.74279265,0.137159804
5,171,4.12,1,2.2,2.050483233,28.08364406,0.558312351,106,16.97493012,162.8484136,14.06505819,0.145072396
5,172,4.12,1,2.2,2.107289541,29.64955339,0.548734759,110,18.03122698,165.8181401,14.1917556,0.143746086
5,173,4.12,1,2.2,1.858098729,29.30242287,0.452311055,107,16.80742424,165.676419,14.38517929,0.148454332
6,174,2.36,1,1.49,1.770565723,26.57656675,0.534905445,102,14.51191766,157.8702766,13.98345689,0.14488141
6,176,2.36,1,1.49,1.631361552,25.31940066,0.459931259,96,13.88196178,159.46307,14.24734568,0.156764568
7,177,7.26,1,6.72,1.43728208,22.1468777,0.441999773,93,14.05034664,149.8735651,14.35772791,0.14202879
7,178,7.26,1,6.72,1.397493678,23.99204339,0.464857523,103,15.22371389,146.1228675,14.57009774,0.121530335
8,180,3.23,1,1.18,2.347452293,30.21534125,0.690541194,119,17.1291386,152.0955238,13.58435115,0.109182614
8,182,3.23,1,1.18,2.242431599,30.32944545,0.543509556,112,16.81921628,163.3632215,13.88485097,0.137874631
9,184,4.43,1,3.11,1.504277641,24.98421085,0.450955021,100,14.10258502,151.4845344,14.34966843,0.134991951
1,187,0.82,1,1.38,1.485390179,24.42959093,0.542609339,104,13.51370709,139.3576212,14.01856163,0.10803796
2,188,0.74,1,1.48,1.777274017,25.56575005,0.614782499,103,14.1857069,148.5117387,13.88409299,0.12472225
3,190,0.85,1,2.12,1.427024004,24.57430645,0.462667025,103,14.12028854,144.5935706,14.53766986,0.118619837
4,191,0.74,1,1.32,2.011638798,26.96419839,0.645941621,107,16.08254658,154.9829002,13.91059086,0.130859101
4,192,0.74,1,1.32,1.972937679,27.50617209,0.598313201,107,16.34797854,158.5456792,14.03489812,0.137466644
5,194,0.91,1,2.2,1.562563683,24.99122902,0.440135395,96,14.13309883,156.3808992,14.37510324,0.148429375
6,196,0.67,1,1.49,1.600132817,25.09142178,0.501773181,98,13.74603098,152.7063935,14.22408175,0.138957868
6,197,0.67,1,1.49,1.607453035,26.6309209,0.518179571,105,14.72395938,152.7241709,14.25569383,0.130094672
7,198,0.99,1,6.72,1.086588007,19.92562013,0.352712886,90,11.70515229,135.7725008,14.65777237,0.119949418
7,200,0.99,1,6.72,0.969853529,16.87495398,0.312692095,82,9.609506829,124.3194356,14.35035569,0.10818945
8,202,0.76,1,1.18,1.771630441,25.99312184,0.546921335,103,13.83691747,149.5169404,13.90828684,0.126702887
9,205,0.84,1,3.11,1.328522293,23.13925678,0.391439238,93,13.83083977,153.550283,14.67415189,0.149041421
10,206,13.26,2,2.05,1.302367847,22.62738648,0.378448074,93,14.32168508,156.0999283,14.88932414,0.157050655
10,207,13.26,2,2.05,1.328364812,23.43258237,0.363976615,93,15.06138546,163.1478795,14.94238786,0.17237712
10,210,13.26,2,2.05,1.313905103,23.88115305,0.382876595,95,14.88784903,160.8079759,15.00048839,0.163750621
10,212,13.26,2,2.05,1.209725185,22.19053941,0.405281493,91,12.95455125,153.4504544,15.0052021,0.155640746
10,213,13.26,2,2.05,1.245491921,21.48816641,0.3695144,89,13.6269464,156.0948063,14.94489063,0.164380974
11,219,13.35,2,2.29,1.053060573,20.10930094,0.336388267,83,13.41417617,156.8299984,14.96703421,0.173677628
11,222,13.35,2,2.29,1.113921136,21.73640777,0.357989297,89,14.71462893,159.6346261,15.01371551,0.170407115
11,223,13.35,2,2.29,1.094496479,21.13947743,0.32981115,89,13.7791307,152.8904456,14.95388126,0.15577101
11,224,13.35,2,2.29,1.030818032,20.51901442,0.344090432,90,13.55334055,149.0190529,14.94031541,0.147853183
11,227,13.35,2,2.29,1.114927993,22.15630846,0.335638795,90,13.78564871,157.035794,15.00039879,0.163724487
12,231,8.89,2,1.92,1.621444916,26.6896067,0.493462215,103,20.77747017,175.2034837,14.55779253,0.175548597
12,232,8.89,2,1.92,1.76573541,25.53246626,0.563596058,102,20.40575077,167.5001794,14.56865087,0.158609038
12,233,8.89,2,1.92,1.711128217,29.06877043,0.504244113,114,20.1924242,166.1894731,14.81545899,0.14082821
12,236,8.89,2,1.92,1.759900434,28.26123203,0.512133777,110,20.3670685,168.9709622,14.60622703,0.151357859
12,237,8.89,2,1.92,1.868466784,31.16897763,0.484792259,116,21.5111863,175.8468391,14.7639276,0.155226283
12,239,8.89,2,1.92,1.770137505,30.54119037,0.464977859,117,21.00078369,171.824996,14.6978184,0.148010478
12,240,8.89,2,1.92,1.745318473,30.92324779,0.49833432,119,22.01442461,172.0515784,14.88794789,0.144143622
12,241,8.89,2,1.92,1.901115427,31.86385146,0.491765478,116,22.22552489,179.8871971,14.6557833,0.161756693
12,242,8.89,2,1.92,1.968028684,28.89243509,0.540255091,110,21.02569195,171.4870057,14.45732222,0.1538913
12,243,8.89,2,1.92,1.862210032,30.82033268,0.491511695,112,21.466053,177.3977997,14.42418182,0.161370597
12,244,8.89,2,1.92,1.643182374,29.39110826,0.452973602,105,20.76794874,183.8625239,14.50344334,0.190280091
12,247,8.89,2,1.92,1.606826634,28.04319848,0.445196914,110,18.97367503,166.370456,14.79803483,0.149093689
12,249,8.89,2,1.92,1.724018489,30.03417566,0.44331006,113,20.08967297,172.836376,14.77016751,0.155738363
12,250,8.89,2,1.92,1.391466164,26.58776066,0.412798219,108,17.23809393,159.2425263,14.98115121,0.140401409
13,253,7.68,3,2.5,1.906512789,29.46956007,0.438467584,105,21.06020382,185.905971,14.13172982,0.195567868
13,254,7.68,3,2.5,1.781466225,28.25867875,0.449867495,105,19.64967055,176.2930285,14.58698591,0.175415203
13,255,7.68,3,2.5,1.656158985,27.67749904,0.447783197,104,19.28972009,174.4454321,14.61755279,0.173571788
13,257,7.68,3,2.5,1.540762957,27.58565276,0.432562451,105,18.94411961,170.9491191,14.81484251,0.164473365
13,258,7.68,3,2.5,1.888838102,28.82158931,0.423552856,103,20.11387398,184.4828205,14.13790273,0.197455211
13,259,7.68,3,2.5,1.710867182,28.72853974,0.386534386,103,19.25500018,181.5543288,14.32317206,0.191306841
13,261,7.68,3,2.5,1.487496277,27.99283053,0.378776287,105,17.66920246,170.9154377,14.83195696,0.166691571
13,262,7.68,3,2.5,1.815544654,27.07327186,0.422971385,105,17.34375877,166.0764708,14.63260605,0.157403318
13,263,7.68,3,2.5,2.001766332,28.57719004,0.444642956,106,19.33545443,175.6537588,14.34662534,0.173008485
13,266,7.68,3,2.5,1.422417432,27.77589065,0.38158381,106,17.22560098,165.0561424,14.98335925,0.151817388
13,267,7.68,3,2.5,1.599862436,27.71084767,0.399968917,103,18.83788503,175.8112444,14.70270426,0.179202601
13,268,7.68,3,2.5,1.824118109,28.30802644,0.414727943,104,19.24210384,179.0794802,14.35145716,0.185373923
10,269,0.0,2,2.05,1.305660439,26.27425452,0.801526298,118,15.36246386,136.5585738,13.26880788,0.091381272
10,270,0.0,2,2.05,1.439212893,24.02376852,0.730736213,107,14.25068067,137.4880823,13.08105529,0.103151591
11,272,0.0,2,2.29,1.340630666,24.65746105,0.554796011,114,14.63347993,133.9261998,13.96560159,0.09232472
11,273,0.0,2,2.29,1.245002186,20.15765693,0.481618216,98,13.17037817,128.2927475,14.4739841,0.097352552
11,274,0.0,2,2.29,0.425176857,15.62095815,0.162052454,83,7.138125105,106.6364397,12.56725222,0.079273532
12,275,0.0,2,1.92,1.422220974,28.98235688,0.671053025,132,18.06077452,137.589784,13.98742031,0.079906165
12,276,0.0,2,1.92,1.486054078,26.63742261,0.7231383,120,17.02455256,141.4838568,13.98194029,0.09707311
12,277,0.0,2,1.92,0.763710615,20.40151437,0.434550097,100,10.56647228,120.0549665,13.02078554,0.085123332
12,290,45.85,2,1.92,0.998984775,20.06563742,0.36629247,106,13.15079339,123.6392498,14.82055006,0.087560234
12,291,45.85,2,1.92,0.680920491,14.23544989,0.302819374,87,10.40848413,111.4296277,14.66871745,0.085175634
12,292,45.85,2,1.92,0.645187538,14.87244312,0.251012611,83,8.966690002,113.7234136,14.36231674,0.091859277
13,293,57.41,3,2.5,0.692602227,14.2439879,0.245904447,81,8.76367041,110.9156768,14.62064773,0.088130927
13,294,57.41,3,2.5,0.515515996,11.24725191,0.205309351,65,6.736429211,108.6506497,14.47599111,0.097644405
13,295,57.41,3,2.5,0.481011658,11.45442964,0.143970481,65,5.228839417,103.0092674,14.13100328,0.088489023
10,298,27.86,2,2.05,0.394401084,16.60385678,0.145611837,98,8.488295482,96.83484136,13.0225553,0.056023945
10,299,27.86,2,2.05,0.41635554,17.7029215,0.177123024,103,9.689302296,100.0921755,13.02077385,0.056706705
11,300,29.46,2,2.29,0.464841999,21.16257847,0.253562085,130,14.24937623,98.6408243,12.85037371,0.040353292
11,302,29.46,2,2.29,0.430415706,17.15118324,0.205317294,98,9.799839505,102.2869699,13.01188223,0.061440055
12,305,28.31,2,1.92,0.506202861,20.04971565,0.197944646,132,12.45273605,90.81228077,12.96324341,0.034664704
12,306,28.31,2,1.92,1.482141407,25.23030979,0.62565131,117,15.9671827,133.1910874,14.06325346,0.086085988
12,307,28.31,2,1.92,0.557262246,20.3523744,0.253144919,119,11.75560437,100.9974091,13.31890651,0.048972717
13,309,25.85,3,2.5,0.390725804,18.55511087,0.133434976,129,11.18420447,83.84845344,12.5107481,0.030330254
13,310,25.85,3,2.5,1.341283693,24.37834281,0.618001595,112,14.79788257,132.4040179,13.76814578,0.08954799
13,311,25.85,3,2.5,0.779916492,22.63014741,0.398068493,117,12.96963448,114.1314373,13.33941687,0.063024031
10,312,12.44,2,2.05,1.577973709,24.63212444,0.664617226,111,16.30774564,139.5923748,13.83560585,0.100912587
10,313,12.44,2,2.05,0.516850946,19.84564046,0.29512117,117,12.22373375,101.2412109,13.16196567,0.049575926
10,314,12.44,2,2.05,1.241130013,22.78868941,0.513738713,107,13.20011687,128.1848095,13.83013699,0.089026674
10,315,12.44,2,2.05,1.645982428,25.78199223,0.585698752,112,15.43802094,140.4693479,14.13418613,0.101303456
11,316,13.59,2,2.29,1.19895339,20.2741812,0.518344669,102,13.61497212,124.4021445,13.71313309,0.087483587
11,317,13.59,2,2.29,0.378103216,17.71543962,0.180543646,120,11.28767844,88.81881776,12.93162274,0.037519037
11,318,13.59,2,2.29,1.48720463,23.73635742,0.551439547,108,15.06278958,136.5147082,14.05111093,0.099858362
11,319,13.59,2,2.29,1.748969341,27.17114181,0.630678491,116,17.46339148,145.9495177,14.16593497,0.104325025
12,320,14.31,2,1.92,1.792856578,31.8150637,0.821714105,141,22.41914039,144.0091079,14.01660319,0.076042567
12,321,14.31,2,1.92,0.799176741,23.52193384,0.384105172,135,15.65056208,108.2202049,13.6103936,0.047266951
12,322,14.31,2,1.92,1.893548055,28.9784688,0.682998165,122,19.06289674,148.816486,14.27111249,0.101139517
12,323,14.31,2,1.92,2.053119007,32.66206099,0.767090143,138,21.34232884,148.4399514,14.29748447,0.084285451
13,324,5.62,3,2.5,2.024361383,27.87807524,0.817351299,118,17.97584663,146.3702567,13.52602558,0.101752438
13,325,5.62,3,2.5,1.00523474,24.31206446,0.561547861,121,15.2586047,121.5195711,13.17001224,0.067621292
13,326,5.62,3,2.5,2.433704357,30.46562533,0.610590821,114,18.44620609,165.4667969,13.99880055,0.138301666
13,327,5.62,3,2.5,2.507539228,31.64829375,0.631604375,120,18.89597785,162.0442443,14.02260404,0.123658622
10,328,5.25,2,2.05,1.871187193,25.37692238,0.720949626,107,15.43903499,145.5988321,13.64179989,0.11470225
10,329,5.25,2,2.05,1.023760282,21.1398544,0.516490943,104,12.82179117,123.5254106,13.27887808,0.084971143
11,332,4.3,2,2.29,1.63891994,25.05114377,0.676949747,112,15.97492074,138.1647463,13.85809411,0.097193212
11,333,4.3,2,2.29,0.584498133,20.28666848,0.341399922,113,12.78483982,107.7606027,12.88715253,0.057971284
11,334,4.3,2,2.29,2.020011044,26.81682487,0.63569419,105,16.28726037,158.0199298,13.88559387,0.138957977
11,335,4.3,2,2.29,2.209306277,28.51285293,0.660685943,112,17.70684105,158.1998764,13.92412105,0.128793174
12,337,7.87,2,1.92,1.355132897,25.7639301,0.697038839,122,16.44913481,130.0114597,13.65905041,0.077275941
12,338,7.87,2,1.92,2.255259935,30.93206566,0.628620645,121,19.1068175,158.6486169,14.22572732,0.117329347
12,339,7.87,2,1.92,2.431141698,33.533337,0.686687373,132,20.82620248,157.391761,14.35334475,0.101468594
13,342,1.76,3,2.5,2.363998611,29.02740709,0.624488286,112,17.50506464,160.5734614,13.90995165,0.133589754
13,343,1.76,3,2.5,2.444286312,31.79027198,0.607293029,118,19.58957845,167.1111288,14.10450582,0.134247079
10,344,36.1,2,2.05,0.575781207,21.03954701,0.307274116,129,13.76608042,98.99380182,13.21719558,0.041730643
10,345,36.1,2,2.05,0.713626482,21.20949516,0.392249484,120,13.87118836,107.7458745,13.42225946,0.05405708
10,347,36.1,2,2.05,1.142135061,19.90417384,0.450944729,92,11.33112638,130.097457,13.90706319,0.107100604
10,348,36.1,2,2.05,1.456868648,23.62428158,0.497832148,104,13.25095327,134.850865,14.13324445,0.100928886
11,349,32.6,2,2.29,0.471083422,18.34997244,0.235630231,115,12.30784414,96.84956952,13.10644758,0.045854506
12,353,33.39,2,1.92,1.156985332,28.020636,0.730395531,140,19.7459901,125.8885922,13.85530032,0.058505318
12,355,33.39,2,1.92,1.557912406,23.33061565,0.513763479,101,14.1942914,142.6919244,14.34799318,0.118130938
12,356,33.39,2,1.92,1.048416163,17.21618699,0.260973729,69,7.539949761,141.9714605,14.46165369,0.161856012
13,357,27.6,3,2.5,0.978656068,22.26362228,0.493290712,115,14.80545586,120.6845902,13.45203276,0.072116014
13,359,27.6,3,2.5,1.207321571,16.78881753,0.306793715,67,8.65680579,150.2821668,14.24503973,0.186169126
13,360,27.6,3,2.5,1.275254962,22.90810822,0.331182375,94,9.05935816,136.4363839,14.07900958,0.118483697
14,365,17.5,1,2.07,1.376290629,27.66222205,0.461971589,118,20.37160308,155.7442004,15.06899343,0.118638146
14,367,17.5,1,2.07,1.366073563,27.24664439,0.440250156,115,19.62278995,156.7840003,15.0624683,0.124696602
14,368,17.5,1,2.07,1.264791676,24.72431704,0.449351171,109,18.89011782,153.7641303,15.08847207,0.128308685
14,370,17.5,1,2.07,1.235162042,23.68409991,0.456196733,106,19.10373646,154.9997808,15.09917709,0.134938694
14,371,17.5,1,2.07,1.1206067,22.4756569,0.404876108,102,16.8123517,149.0135124,15.14388748,0.130177229
15,372,22.3,1,1.75,0.843548322,16.48856432,0.320261815,79,12.98269569,145.0499841,15.05112011,0.155114596
15,374,22.3,1,1.75,0.996701316,21.12780325,0.332549732,97,13.83595419,143.9204799,15.06868157,0.130458212
15,376,22.3,1,1.75,1.065227397,22.98744815,0.338336662,101,14.88817724,149.1370974,15.02203916,0.134135857
15,378,22.3,1,1.75,1.239041814,23.13017423,0.411574115,103,17.21429897,151.6227081,15.03713769,0.133452129
15,379,22.3,1,1.75,1.2558608,24.47174484,0.422837842,106,17.98767412,154.715342,15.02710668,0.134312849
15,381,22.3,1,1.75,1.133681777,23.37241438,0.392127367,106,16.69184381,149.1181441,15.05513056,0.127413164
15,382,22.3,1,1.75,1.110333044,23.03326794,0.385732474,103,16.91756777,150.4535037,15.09085602,0.131563434
16,383,19.2,1,2.66,0.762018593,14.69067349,0.327724352,74,12.95625729,144.4103157,15.12142395,0.161054755
16,384,19.2,1,2.66,0.868111364,16.10024854,0.345932956,77,13.87099681,150.9365234,15.1108881,0.171827467
16,387,19.2,1,2.66,1.011880556,18.18638986,0.380946298,83,15.34230949,156.0117188,15.10390001,0.173089551
16,391,19.2,1,2.66,0.964890789,17.6652935,0.367911745,82,14.6176141,152.9553372,15.05024922,0.168414668
16,394,19.2,1,2.66,1.097268713,20.76511422,0.373490511,91,15.38163561,154.2150231,15.12834198,0.156013237
17,396,13.3,1,1.59,1.456028156,18.64322746,0.509478457,80,12.75872191,151.1424785,14.15202318,0.164924659
17,397,13.3,1,1.59,1.565744486,20.66157086,0.504739768,86,14.26506775,154.5349769,14.17341446,0.161133426
17,398,13.3,1,1.59,0.820582194,16.45219346,0.320483622,79,12.36743903,141.8366749,15.12378766,0.147879279
17,400,13.3,1,1.59,0.748757054,15.48732738,0.280314236,76,11.19195827,139.3573422,15.11283134,0.148609658
17,401,13.3,1,1.59,0.678296927,13.72359764,0.286869757,70,11.20270069,139.865633,15.11871624,0.15758083
18,402,13.6,1,1.27,1.262172776,21.36945991,0.402226935,90,14.42775104,152.5811942,14.9013951,0.151757948
18,403,13.6,1,1.27,1.291392086,23.37612322,0.402617487,95,15.6816852,157.0696349,15.04076916,0.152276091
18,404,13.6,1,1.27,1.435464819,23.77066835,0.45328781,98,16.17754705,156.1298828,14.85794755,0.146385956
18,405,13.6,1,1.27,1.512423448,21.14497362,0.479521869,88,14.20672217,153.462771,14.39744708,0.156023275
18,407,13.6,1,1.27,0.989217491,19.47933525,0.332018681,87,13.76045011,149.0393814,15.08001641,0.151589217
18,408,13.6,1,1.27,1.016796845,20.23995702,0.34276114,90,14.15792236,148.2289939,15.18032621,0.144818658
18,409,13.6,1,1.27,1.040482893,21.02545238,0.360561569,95,15.06238605,147.7885244,15.14242871,0.137635983
18,410,13.6,1,1.27,1.063066918,18.79222899,0.366069629,85,13.47004207,145.2157605,15.04201379,0.144366472
18,415,13.6,1,1.27,1.005928474,20.39695006,0.329336906,86,13.58744699,152.8766342,15.11409652,0.159591703
19,416,19.4,2,2.51,0.926818701,17.12859475,0.356736754,77,14.28304648,156.885523,15.00164826,0.184728441
19,418,19.4,2,2.51,0.7823793,15.42316692,0.317031217,73,12.7038021,148.7902384,15.11888738,0.172346111
19,420,19.4,2,2.51,0.898362932,17.7117501,0.322064198,79,13.26748063,151.7302097,15.07280825,0.169145668
19,421,19.4,2,2.51,0.793090204,15.70441398,0.326873465,76,12.95198551,144.8659319,14.99793485,0.158041371
19,422,19.4,2,2.51,0.915463058,17.58313705,0.382447185,81,15.26592395,154.0856784,15.11727853,0.170047371
19,424,19.4,2,2.51,0.889255997,17.32238408,0.359472661,80,14.1457025,150.8523796,15.14886886,0.165078189
19,425,19.4,2,2.51,1.072481587,21.48667608,0.393790359,91,16.51424788,158.7376834,15.15616844,0.162660097
19,426,19.4,2,2.51,1.11073297,20.60571982,0.407360731,91,16.05483979,153.8251156,15.01219565,0.153360603
20,427,18.6,2,2.77,0.974345693,18.36593148,0.342642239,83,13.60275552,149.9700056,15.02764444,0.159655881
20,428,18.6,2,2.77,1.128894731,21.42942909,0.371420203,94,15.34780184,152.948282,15.13966496,0.149615195
20,429,18.6,2,2.77,1.167044601,22.80090964,0.36525404,97,15.05847847,153.693758,15.11267487,0.146966143
20,430,18.6,2,2.77,1.250361021,23.27538335,0.419546908,100,16.47613523,155.2169962,15.03102881,0.144925814
20,431,18.6,2,2.77,1.153492155,21.27927207,0.382447014,93,14.86762312,151.0950454,15.04788355,0.146453542
20,433,18.6,2,2.77,0.962596442,18.6351263,0.361373283,86,14.59127864,150.4654616,15.05026624,0.1566433
20,434,18.6,2,2.77,0.89355557,17.46938446,0.334222666,83,13.5445108,145.957968,15.07608052,0.151752961
20,435,18.6,2,2.77,0.911578013,17.70048023,0.354370807,84,14.21938704,147.584383,15.0678955,0.153326623
14,437,0.0,1,2.07,1.403742978,23.96403198,0.795243419,116,18.634293,138.6828563,13.11459377,0.095530052
14,443,0.0,1,2.07,1.130909466,23.68245189,0.70500706,116,17.82418569,135.3556282,13.08120743,0.091046572
14,444,0.0,1,2.07,1.564841107,26.58204372,0.736978513,117,18.08504572,146.9095783,14.0754871,0.106971505
15,445,0.0,1,1.75,1.289191607,27.07050628,0.823405088,124,18.1622154,139.5114796,13.48375873,0.088993007
15,446,0.0,1,1.75,1.258819275,22.85002894,0.630980669,110,15.52583125,133.8780493,13.05138001,0.095663379
15,447,0.0,1,1.75,1.679957608,26.47130979,0.750846258,115,17.38344386,146.349709,13.91389773,0.107766768
15,448,0.0,1,1.75,1.568900326,26.14831929,0.712793798,116,17.32568982,144.3410395,13.98736444,0.104331996
15,449,0.0,1,1.75,1.523343521,24.32791728,0.654163538,110,16.22305051,141.8910236,13.95974459,0.107408077
15,450,0.0,1,1.75,1.553903208,23.54453474,0.651118925,107,15.05308982,139.6139987,13.49742533,0.107650047
16,451,0.0,1,2.66,0.794431118,21.69915881,0.399941366,118,14.43176121,115.7389987,13.26806789,0.065282697
16,452,0.0,1,2.66,0.969265625,18.30101213,0.554174346,96,13.11858888,124.6813815,12.90807889,0.095188296
16,454,0.0,1,2.66,1.646734053,25.10780605,0.703493481,110,16.88667646,146.6281091,13.99975839,0.114352938
16,456,0.0,1,2.66,1.094828195,20.03184629,0.536202124,97,12.46105365,128.7620177,13.48085166,0.10060079
17,457,0.0,1,1.59,1.193118934,26.0922042,0.965026242,123,17.52320332,132.685806,12.95931481,0.079379334
17,458,0.0,1,1.59,1.584556704,23.96922804,0.92420925,110,16.90410423,139.3192961,12.53816181,0.100982427
17,459,0.0,1,1.59,1.279581995,23.86956018,0.711149731,110,14.09628264,131.5745775,12.95464084,0.090919008
17,460,0.0,1,1.59,1.580224471,25.38813329,0.856354349,114,15.33954311,136.0941885,13.10571944,0.093125975
17,461,0.0,1,1.59,1.292882429,25.42091463,0.74849914,118,15.08321526,130.3145528,13.13228622,0.081640485
17,462,0.0,1,1.59,1.570111162,24.56707119,0.795432096,111,15.29215544,135.2559391,13.05303652,0.093934801
18,463,0.0,1,1.27,1.171015901,26.70166722,0.871459398,127,17.75694205,131.5207071,13.12992664,0.075053788
18,464,0.0,1,1.27,1.475372527,23.80597898,0.806238706,110,16.38187904,138.1099729,12.77252975,0.100033073
18,465,0.0,1,1.27,1.773571804,25.91702624,0.729234434,112,16.30675591,145.0359136,13.86778046,0.109247619
18,466,0.0,1,1.27,1.714691619,25.50108007,0.744329267,111,15.61336454,142.3948701,13.67738596,0.106203818
18,467,0.0,1,1.27,1.53827338,25.45229909,0.742368259,116,16.81589673,139.1293447,13.77974099,0.096092581
19,469,0.0,2,2.51,0.741988291,23.06926216,0.523750282,119,15.72786051,120.8545918,12.56526555,0.068600685
19,470,0.0,2,2.51,1.790290785,21.57419998,1.038129314,100,15.50360789,139.9026626,12.13594259,0.113892683
19,471,0.0,2,2.51,1.444442587,23.13773772,0.678412816,108,14.77925119,132.2107781,13.12275995,0.092904003
19,472,0.0,2,2.51,1.471969794,22.85023616,0.491663689,103,14.74238397,138.1796091,14.35906911,0.107393265
19,473,0.0,2,2.51,1.079259766,21.37142158,0.663489246,102,13.63303064,129.3668288,12.84421184,0.094832363
20,474,0.0,2,2.77,0.760217814,26.85247284,0.830914299,133,18.11066826,125.9286312,12.50150067,0.064002388
20,476,0.0,2,2.77,1.33281193,26.10848218,0.888219066,120,16.03183028,132.9404695,12.96195863,0.082934624
20,477,0.0,2,2.77,1.507369566,25.89151166,0.92510112,117,16.42736037,136.4569515,13.00572529,0.089913746
20,478,0.0,2,2.77,0.58222252,21.42771834,0.421931466,111,13.28054817,117.799147,12.42488099,0.07194809
20,479,0.0,2,2.77,0.727646137,22.03038968,0.521914623,109,13.80885718,123.4746492,12.4393705,0.080176498
14,480,77.01,1,2.05,0.786887359,16.71129621,0.371627925,104,13.96582904,110.0531928,14.35761471,0.068051454
14,481,77.01,1,2.05,1.043295086,19.23392464,0.535278523,107,18.11234057,130.5761918,14.74588728,0.093438917
14,482,77.01,1,2.05,0.703155113,14.56239124,0.340413442,86,11.2888535,113.4495775,14.11889879,0.086383293
14,485,77.01,1,2.05,0.865775036,15.82344023,0.379505095,89,12.34157658,119.9202607,14.29137062,0.094128756
15,486,75.9,1,1.75,0.662148187,16.80852259,0.332256886,106,12.97412133,102.171596,13.85853881,0.056043166
15,487,75.9,1,1.75,1.048073196,18.8458096,0.589112317,100,15.53581236,127.5847018,14.12488851,0.094086123
15,488,75.9,1,1.75,0.865207906,16.41178427,0.399742185,89,11.34308326,116.7426658,13.99624865,0.087893989
15,490,75.9,1,1.75,0.952603522,15.32946238,0.421631703,79,10.75018587,123.2549027,14.13717683,0.107646909
15,491,75.9,1,1.75,0.648950554,14.44740563,0.328585517,83,9.879561556,109.1320751,13.76800969,0.08106299
16,493,65.56,1,2.66,0.518431789,11.50924246,0.29670797,76,9.820249014,104.7258052,13.99477435,0.080267035
16,494,65.56,1,2.66,0.312120576,9.104014904,0.12995516,58,4.894029797,94.66230867,13.64550284,0.078448069
16,495,65.56,1,2.66,0.746220324,12.94855456,0.321074135,68,9.199675428,125.5523956,14.47158852,0.126554669
16,496,65.56,1,2.66,0.370121863,9.663615892,0.15167536,61,5.699832635,96.38585058,13.82241934,0.078378032
16,497,65.56,1,2.66,0.486188823,9.485814101,0.203559601,53,5.924746236,110.419603,14.12579995,0.1101125
17,498,51.52,1,1.59,0.557993007,16.3511597,0.264620367,113,12.23927614,93.47620376,13.71769612,0.04483198
17,501,51.52,1,1.59,0.775995703,15.81758632,0.338456186,86,10.39153287,113.944595,14.04346022,0.085977996
18,503,60.16,1,1.27,0.582259534,17.17186378,0.293398926,116,13.0357014,95.5516183,13.62513022,0.045042025
18,504,60.16,1,1.27,0.814612656,18.11331953,0.479853115,105,15.07474824,116.333526,13.82143603,0.074037165
18,505,60.16,1,1.27,0.622500163,14.95264292,0.31514843,89,10.40346326,106.3137755,13.74254047,0.072911909
18,507,60.16,1,1.27,1.131384152,18.84366238,0.525802182,96,14.03403831,127.8647959,14.24913269,0.098370654
19,509,21.1,2,2.51,0.693843624,18.71413343,0.348537076,121,13.91269227,100.467614,13.66991441,0.047909096
19,510,21.1,2,2.51,1.028983572,20.46912215,0.518302534,111,16.11057854,123.5454401,13.96572702,0.079675247
19,511,21.1,2,2.51,0.755594725,16.94161071,0.328219773,98,11.21521562,108.8990553,13.76626211,0.070987888
19,512,21.1,2,2.51,0.940889142,17.87574503,0.398000688,97,12.16171935,117.6274115,13.95139824,0.083605802
19,513,21.1,2,2.51,0.973658092,18.77349891,0.430196365,101,13.08682156,119.6439134,14.00555487,0.083108606
19,514,21.1,2,2.51,0.990421419,19.22191592,0.443049058,101,13.15192756,121.3300582,14.06717126,0.085166733
20,515,50.91,2,2.77,0.475094026,16.77074645,0.210210338,121,12.16473347,87.62143256,13.25573079,0.036285531
20,516,50.91,2,2.77,0.731634892,19.12176066,0.464948896,109,14.43157088,113.2388471,13.63733641,0.067046412
20,518,50.91,2,2.77,0.510630913,14.85707424,0.248678561,87,9.293247787,105.2289142,13.48174525,0.073532287
20,519,50.91,2,2.77,0.740631223,17.22108709,0.360772946,95,10.9383041,111.8339246,13.73643493,0.076504037
20,520,50.91,2,2.77,0.434840547,13.70159494,0.204574149,83,8.59573978,101.0637556,13.26754787,0.07008587
20,521,50.91,2,2.77,0.818480815,16.58741207,0.396144405,89,10.83938477,116.8909837,13.76730413,0.088920967
14,522,61.42,1,2.07,1.041917205,20.36598306,0.643982884,117,17.66658165,116.4559152,14.03725143,0.063723314
14,523,61.42,1,2.07,1.612643925,22.07144472,0.752495968,108,19.7527782,140.1772561,14.3509491,0.10220194
14,525,61.42,1,2.07,1.528194973,21.33307647,0.648200626,105,16.54405807,131.2432039,14.32050134,0.092175588
14,526,61.42,1,2.07,1.604541575,22.92884312,0.655741577,111,18.42930038,135.4620735,14.32078474,0.0921735
14,527,61.42,1,2.07,1.422930809,20.2068468,0.640419029,103,16.36100661,128.4497967,14.34118223,0.089959405
15,528,63.76,1,1.75,0.821628824,18.04807249,0.437605165,107,13.96977444,108.5413544,13.88230964,0.062175321
15,529,63.76,1,1.75,1.209473983,19.84629959,0.54450507,98,15.92722165,135.3193692,14.60616691,0.107616236
15,531,63.76,1,1.75,1.28940674,18.21541873,0.50250806,90,12.55125918,126.6907486,14.16626402,0.101447092
15,532,63.76,1,1.75,1.255880025,19.06560852,0.510346064,95,13.28986692,126.3974011,14.25427702,0.096223618
15,533,63.76,1,1.75,1.159565709,17.34966226,0.485102653,91,11.96529725,118.3772321,14.09561719,0.087143076
16,534,60.57,1,2.66,0.505502841,11.32851402,0.24906988,76,8.446342532,97.28310348,14.11256642,0.069231844
16,535,60.57,1,2.66,0.647659004,11.94652562,0.346666588,71,10.11391919,116.4238879,14.33885958,0.104216973
16,537,60.57,1,2.66,0.632418953,11.75936731,0.278864363,66,7.742975923,113.1430963,14.27005708,0.103695492
16,538,60.57,1,2.66,0.653017782,12.83177174,0.315432112,71,8.549476901,115.0535116,14.28911021,0.102439282
16,539,60.57,1,2.66,0.506669975,10.78268198,0.211699562,63,6.529925583,104.3928173,14.04180118,0.09002064
17,541,45.07,1,1.59,0.996643734,19.14301444,0.553418387,102,14.40806579,122.5668447,14.01560061,0.085103377
17,542,45.07,1,1.59,0.476718632,15.25456969,0.228446703,96,9.617931322,96.07521524,13.55133778,0.055563474
17,543,45.07,1,1.59,0.948137742,17.66238136,0.430384845,94,11.68589997,116.1926419,14.06799287,0.08235174
17,544,45.07,1,1.59,0.942222802,17.87235539,0.432480239,98,12.07571972,113.7790179,14.11845066,0.076079301
17,545,45.07,1,1.59,0.48819848,15.25445233,0.236182269,96,9.83849339,96.34146781,13.5887522,0.05558585
18,546,55.97,1,1.27,0.893754846,17.57672424,0.410834511,102,13.62089464,112.7204241,14.1501045,0.071547419
18,547,55.97,1,1.27,1.065423098,19.49785145,0.57001992,100,15.65407246,132.0884675,14.42554625,0.10189436
18,548,55.97,1,1.27,0.980665609,17.59137539,0.429030873,92,11.94353283,121.0031091,14.17759783,0.092133491
18,549,55.97,1,1.27,0.942697834,17.42522803,0.417152511,95,11.97888641,116.4660196,14.05809192,0.082904872
19,551,4.44,2,2.51,1.057110784,19.65440678,0.545115991,104,13.82060593,119.8338249,13.74394435,0.079425237
19,552,4.44,2,2.51,1.908918464,23.65240858,0.690371871,100,17.89257058,157.9110132,13.98093162,0.146645473
19,553,4.44,2,2.51,1.22878233,19.62098813,0.50720195,93,12.1773829,130.5284399,13.93013072,0.106806429
19,555,4.44,2,2.51,1.343822452,20.31826568,0.5298217,94,13.02280403,134.4518893,14.05447171,0.111597972
19,556,4.44,2,2.51,1.393413589,20.84757548,0.493921895,94,13.47603886,137.8260922,14.24464755,0.116816864
20,559,42.7,2,2.77,0.980350196,19.34207974,0.533668516,106,14.80145189,120.5644631,14.24719017,0.079611266
20,560,42.7,2,2.77,0.51619337,17.27488059,0.265026712,105,11.36384238,101.649992,13.35193474,0.057100713
20,561,42.7,2,2.77,0.783571622,18.65992254,0.407419772,104,12.46474089,111.6801459,13.61481813,0.069251825
20,562,42.7,2,2.77,0.877278397,19.27368333,0.452397862,105,12.98579105,114.6621293,13.7666251,0.072187362
20,563,42.7,2,2.77,0.643622865,18.08681555,0.337098753,107,12.02999784,105.0380461,13.53509809,0.059724779
14,566,33.5,1,2.05,1.438612738,18.04807205,0.734240338,91,15.72812302,137.1435547,13.73570349,0.118813151
14,568,33.5,1,2.05,1.334305447,20.47483361,0.712360686,105,15.70529981,123.993463,13.82700731,0.08141763
14,569,33.5,1,2.05,1.114417614,19.6973132,0.690990023,107,15.16945031,117.7638911,13.76782095,0.072483641
15,570,3.98,1,1.75,1.606599035,20.09274055,0.705493471,95,14.75652453,134.7557996,13.7860124,0.108484088
15,571,3.98,1,1.75,1.796179487,24.73742039,0.518769981,94,17.67326003,173.3506059,13.9257017,0.189629857
15,572,3.98,1,1.75,1.4787994,20.89014783,0.511299336,91,12.47858414,139.6617506,13.80586386,0.124158341
15,573,3.98,1,1.75,1.690661809,21.9937799,0.493538956,94,13.64169181,143.4040976,14.00093627,0.126394683
15,575,3.98,1,1.75,1.630119927,23.11571025,0.458206205,92,14.56596018,155.1375957,14.21244345,0.151353705
15,576,3.98,1,1.75,1.714515853,22.97554963,0.479246746,95,14.07811374,148.2849968,14.16413873,0.134297282
16,579,37.0,1,2.66,0.208464859,10.46716549,0.082629161,67,5.323131414,88.61533402,12.73942226,0.062358967
16,581,37.0,1,2.66,0.426330259,11.90764735,0.207517565,72,7.099395461,99.17546237,13.33874587,0.074507293
16,582,37.0,1,2.66,0.418601754,11.5767574,0.188435208,70,6.828952571,98.50544085,13.34276661,0.074704564
16,583,37.0,1,2.66,0.343333452,11.55823225,0.158356241,71,6.660360739,95.54729353,13.23616069,0.069425253
17,584,23.77,1,1.59,0.497515669,14.47190312,0.252752637,97,11.25490977,97.0866749,13.48877533,0.055851567
17,585,23.77,1,1.59,0.919973414,15.35706072,0.475179741,82,12.11403697,128.3560866,13.94527218,0.116303234
17,586,23.77,1,1.59,0.713313738,16.73689918,0.342936899,97,11.28142285,107.9251036,13.82784538,0.069542554
17,589,23.77,1,1.59,0.784139447,17.49294978,0.362496229,99,11.74568834,109.3288425,13.90260917,0.069293635
18,590,26.02,1,1.27,0.365163994,15.74693872,0.170807222,103,11.62484796,96.77387596,12.76459053,0.052002987
18,591,26.02,1,1.27,1.110734423,16.31378815,0.671119918,85,12.7262635,128.425582,13.26084077,0.111429414
18,592,26.02,1,1.27,0.481988281,17.14571811,0.279362614,98,11.3107034,107.435806,13.01437455,0.067567344
18,594,26.02,1,1.27,0.745223599,18.88006692,0.450703585,104,12.90343231,112.4414262,13.41285247,0.069215738
18,595,26.02,1,1.27,0.928379312,20.00621952,0.545609817,105,13.69563828,117.6676499,13.54305175,0.074523977
18,596,26.02,1,1.27,0.931934987,19.05641703,0.541464156,102,13.28714967,117.1219308,13.63048066,0.076841883
19,597,1.66,2,2.51,0.715128032,16.54818031,0.370450382,93,11.59066026,112.3361169,13.39559369,0.077849107
19,598,1.66,2,2.51,1.761454206,19.17418859,0.67636426,84,14.33086576,153.1445512,13.73972178,0.163249666
19,599,1.66,2,2.51,0.875202107,17.3666363,0.420264069,88,10.60771012,119.6488361,13.47900394,0.093163315
19,600,1.66,2,2.51,1.032859335,18.4759987,0.505321586,92,11.52679018,123.4975686,13.73495073,0.095977719
19,602,1.66,2,2.51,1.240855159,18.59947127,0.543562953,89,11.86035666,129.3989955,13.74430161,0.108392881
20,603,25.73,2,2.77,0.481370368,15.59914879,0.249958247,107,12.02339044,94.15473533,13.36586265,0.047598896
20,604,25.73,2,2.77,0.818642706,15.7616069,0.425138302,88,12.17474182,121.1790099,13.69865897,0.097574952
20,605,25.73,2,2.77,0.468070223,15.70189551,0.230711566,100,10.2608284,97.63075973,13.22809957,0.055946242
20,607,25.73,2,2.77,0.670183594,17.75144532,0.321534187,106,12.02677761,104.6881776,13.61866399,0.059895304
20,608,25.73,2,2.77,0.602921013,16.79808945,0.27902716,103,11.33241463,101.6793686,13.48521105,0.058259415
14,611,0.18,1,2.07,1.490099714,20.60074068,0.734668389,101,16.5819024,133.5915976,13.86688514,0.099529386
14,612,0.18,1,2.07,1.831745948,23.47447998,0.595230713,96,19.44268223,170.4366032,14.25687893,0.180032297
14,613,0.18,1,2.07,1.5278816,23.89330208,0.579312773,110,16.79780882,137.2434829,14.36670549,0.0968395
14,614,0.18,1,2.07,1.655720927,25.44308418,0.588150054,113,17.85492835,143.1385124,14.47028036,0.102607813
14,616,0.18,1,2.07,1.614252541,23.77458427,0.588252339,107,16.74044879,140.4872848,14.28055115,0.104682297
15,617,0.21,1,1.75,1.451494867,19.05639889,0.728031108,93,14.04645017,131.9719786,13.56354005,0.107178878
15,618,0.21,1,1.75,1.819264877,23.30442563,0.516783437,91,17.0543969,170.5829281,13.95274594,0.189764247
15,619,0.21,1,1.75,1.319903953,19.70546658,0.747098804,99,14.12164465,126.1387317,13.35323275,0.091688122
15,620,0.21,1,1.75,1.478089346,20.48301049,0.502799527,92,12.55732397,136.2157207,13.91032791,0.116649345
16,625,1.65,1,2.66,1.0810561,15.52890722,0.479758809,82,11.49622886,121.3474171,13.5995005,0.100461532
16,626,1.65,1,2.66,1.509762452,17.65723432,0.522905418,76,13.89972073,157.4114716,13.91239872,0.185356595
16,627,1.65,1,2.66,1.212592589,17.24388453,0.476730705,84,10.97189318,125.0807956,13.80571443,0.105026955
16,628,1.65,1,2.66,1.388369029,18.74760154,0.473292786,84,12.02224715,137.5131138,14.11035166,0.127888805
16,629,1.65,1,2.66,1.414837395,19.79709389,0.452233744,87,12.81749507,140.7334184,14.21824278,0.130079688
17,630,1.41,1,1.59,1.143840678,18.57240726,0.567066178,96,13.27638196,124.0954241,13.75736607,0.092681522
17,631,1.41,1,1.59,1.736668191,22.35249204,0.591598708,93,16.39160322,161.8573621,14.15989714,0.16873128
17,632,1.41,1,1.59,1.141540938,20.31446273,0.475916743,97,12.4666832,127.6969069,14.03677814,0.09727617
17,633,1.41,1,1.59,1.417835607,21.74872747,0.492717596,97,13.62479018,138.5627392,14.20969431,0.115055078
17,634,1.41,1,1.59,1.472794541,22.99201012,0.485766416,102,14.40629339,139.6425183,14.35095321,0.111273334
18,635,1.67,1,1.27,1.548608273,20.0329531,0.729947747,98,14.38375446,129.4834782,13.19842727,0.09742076
18,636,1.67,1,1.27,2.048801701,24.00212309,0.610530216,97,17.00720845,163.0525151,13.69556112,0.162943281
18,637,1.67,1,1.27,1.618918073,22.29664373,0.577152179,101,13.50354639,134.6222696,13.79904295,0.104085927
18,638,1.67,1,1.27,1.840325064,23.86506255,0.575839046,100,14.59833411,146.3429129,13.84383065,0.124301124
19,640,1.33,2,2.51,0.589973636,15.65684688,0.335056023,91,11.31714121,109.5159239,13.11777666,0.075272571
19,641,1.33,2,2.51,1.757767961,17.52055908,0.669107544,81,13.73264269,149.5715681,13.59179952,0.161704905
19,642,1.33,2,2.51,1.175168621,18.55171035,0.527354451,90,11.70480599,127.1780533,13.78384542,0.10370062
19,643,1.33,2,2.51,1.286393291,19.22152601,0.530801476,91,12.41085386,130.9233099,14.03246053,0.108465501
19,644,1.33,2,2.51,1.201873959,18.93851032,0.534775714,92,12.08806728,126.9659798,13.86521386,0.100950889
20,645,3.96,2,2.77,0.787470759,19.36756509,0.508340609,106,13.98253505,115.1444117,13.27227276,0.070815264
20,646,3.96,2,2.77,1.916654067,21.05269114,0.776726003,96,16.43697808,150.8484534,13.65400946,0.141818644
20,647,3.96,2,2.77,1.054965843,20.87604587,0.480598563,107,13.45026906,119.8077567,13.68932396,0.076868483
20,648,3.96,2,2.77,1.459931723,22.7831959,0.571430483,107,14.92037362,133.7918527,13.99326182,0.097125601
20,649,3.96,2,2.77,1.28452652,22.75495476,0.536754568,111,14.70535823,126.5738999,13.85049319,0.082422522
14,651,2.19,1,2.05,1.895623367,24.31432748,0.748837767,110,19.71552898,145.2138672,14.03822307,0.106585635
14,652,2.19,1,2.05,2.228292193,29.81739171,0.673919369,114,23.67930544,174.2719428,14.2445666,0.150068048
14,653,2.19,1,2.05,1.810932543,24.04542985,0.642756887,102,17.02459969,150.7706473,14.07060102,0.128256186
14,654,2.19,1,2.05,1.919704266,26.28681057,0.66757971,107,18.58117727,155.8513433,14.10130663,0.128703085
14,655,2.19,1,2.05,1.836314111,25.80394282,0.634453515,106,18.11083575,154.1734295,14.18150896,0.127467904
14,656,2.19,1,2.05,1.749280527,22.79248213,0.633881921,100,15.99405586,144.769332,14.03184357,0.120343109
15,657,10.81,1,1.75,1.78894479,24.37549381,0.758493465,115,18.2055932,135.2820671,13.88328534,0.088010103
15,658,10.81,1,1.75,1.988898013,28.13420127,0.565995654,106,21.02425903,174.8756776,14.10990355,0.16716285
15,659,10.81,1,1.75,1.589746772,21.11234256,0.54710335,96,13.42238937,134.2266821,13.84580276,0.107297175
15,660,10.81,1,1.75,1.774075568,23.34102128,0.507426817,96,15.062719,150.1882972,14.10173842,0.135073268
15,661,10.81,1,1.75,1.803978673,23.36545465,0.55574419,100,15.03782413,144.0292769,14.03800242,0.119037142
15,662,10.81,1,1.75,1.87639403,24.03489359,0.54426177,101,15.47002979,146.0523956,14.10536616,0.120520056
16,663,10.69,1,2.66,1.117289908,18.94719574,0.654570981,99,14.41735009,122.6851483,13.64574321,0.085888593
16,664,10.69,1,2.66,1.859104707,22.8927718,0.580295246,94,17.99040194,162.8016781,14.05927315,0.163864465
16,665,10.69,1,2.66,0.928458485,17.14194066,0.503932439,93,12.26036226,115.5232581,13.36400716,0.081125069
16,666,10.69,1,2.66,1.41658713,18.46423993,0.538359163,86,11.75981483,132.5095265,13.73047063,0.116783879
16,668,10.69,1,2.66,1.363790641,18.70059256,0.547486279,89,12.00729923,129.470743,13.80163898,0.107826758
17,669,3.65,1,1.59,1.371298479,24.29959824,0.679435854,119,17.5164572,128.3915617,13.85922053,0.075939263
17,670,3.65,1,1.59,2.119804644,28.11538991,0.639465477,109,20.43353273,170.597437,14.14990922,0.156443691
17,673,3.65,1,1.59,1.792384796,24.18928387,0.577966007,104,15.8266088,145.2864517,14.14487528,0.11709188
18,674,4.31,1,1.27,1.303391836,24.49161413,0.717233708,123,17.26040785,123.5799386,13.56409213,0.067107486
18,676,4.31,1,1.27,1.262079206,20.90202644,0.553409246,98,12.4386007,126.6671915,13.40511313,0.09324736
18,677,4.31,1,1.27,1.785612753,22.97645686,0.570024429,100,14.11766852,139.505401,13.69551742,0.111759659
18,678,4.31,1,1.27,1.821255436,24.03594965,0.575724307,103,15.32938746,143.4311224,13.95579012,0.114400193
19,679,2.77,2,2.51,1.133405419,19.43031015,0.643194735,102,14.88535352,122.4038783,13.90444908,0.082891608
19,680,2.77,2,2.51,1.937877722,23.09950757,0.640877204,100,18.09107068,153.4121891,14.13913825,0.135846064
19,681,2.77,2,2.51,1.098640744,17.40192392,0.496871593,86,11.2321095,124.6907685,13.77324768,0.102892648
19,683,2.77,2,2.51,1.407033613,19.39558357,0.553623473,92,12.94286534,132.0981545,14.04045576,0.109269896
20,684,5.18,2,2.77,1.484806482,23.13058819,0.667796262,114,16.99673201,128.7547632,14.07194191,0.080858585
20,685,5.18,2,2.77,1.904273524,26.70298834,0.668269714,113,20.3011328,155.1537388,14.38789545,0.120794802
20,686,5.18,2,2.77,1.526406867,21.39577599,0.570812409,101,14.23693931,132.4157964,13.96340627,0.100090789
20,687,5.18,2,2.77,1.641979838,23.69783459,0.585252836,110,15.8769591,134.6902702,14.18431074,0.094006902
20,688,5.18,2,2.77,1.600603024,22.43770365,0.5779799,103,14.98782029,137.0113002,14.08244205,0.105398609
14,692,27.75,1,2.05,1.271838786,16.94729588,0.475255449,79,13.47098525,142.3259526,14.40526805,0.143654961
14,693,27.75,1,2.05,1.271678084,17.63068807,0.530697806,83,15.29999709,145.3941127,14.48996506,0.143792776
14,694,27.75,1,2.05,1.36710463,19.41117319,0.566792523,91,17.05797845,145.9784957,14.5954644,0.133066084
15,695,39.6,1,1.75,0.418760532,20.26877132,0.233272232,130,15.05115125,96.5946867,12.84887038,0.038090921
15,696,39.6,1,1.75,1.914477992,21.23309726,0.931604858,99,20.89125854,156.0214445,13.82480658,0.142208054
15,697,39.6,1,1.75,0.882615018,11.08862209,0.280636471,49,6.43040223,138.4468471,14.00390759,0.183407418
15,698,39.6,1,1.75,0.947219407,11.59280494,0.318873623,51,7.109504623,141.8853237,14.00929383,0.189733548
15,699,39.6,1,1.75,0.914437703,11.586002,0.343474215,55,7.602130497,132.0247927,14.0861032,0.156023123
16,704,39.13,1,2.66,0.544707584,8.37298231,0.181799943,38,4.34334338,132.1202766,14.22150334,0.18415286
17,705,29.25,1,1.59,0.437748641,19.93770808,0.213835398,134,14.4830159,91.2027264,12.86518124,0.03270458
17,706,29.25,1,1.59,1.812435322,21.41832992,0.909114171,103,19.91458405,147.082111,13.93616217,0.120566782
17,707,29.25,1,1.59,0.80054336,11.60294314,0.348360093,59,7.385106394,123.7516741,13.82223509,0.132706632
17,709,29.25,1,1.59,0.892785693,11.48004648,0.258023859,50,6.593727994,141.5779456,14.20535832,0.191414434
17,710,29.25,1,1.59,0.72413014,11.48719367,0.388425399,62,8.386246348,119.5885882,13.66631313,0.118765803
17,711,29.25,1,1.59,0.836779254,16.07048977,0.399789654,87,11.3057703,116.5357741,13.58817794,0.08854282
18,713,29.5,1,1.27,2.149490737,24.00320942,0.908737767,110,21.68208825,151.4447345,13.77058413,0.117678303
18,714,29.5,1,1.27,0.78955177,18.25266872,0.544797619,102,14.23372085,115.0269452,13.33034448,0.072920257
18,715,29.5,1,1.27,0.981847253,12.80079246,0.382768697,60,8.289616447,132.6726921,13.92635849,0.150277807
18,716,29.5,1,1.27,1.068439195,12.75777852,0.323064517,56,7.718591377,139.3312141,14.04310675,0.173198858
18,717,29.5,1,1.27,0.96328643,11.91547573,0.28520491,51,6.764300695,140.7761081,14.00077358,0.185822287
18,718,29.5,1,1.27,0.828884825,11.03884903,0.297299008,52,6.252151115,127.1402065,13.79737478,0.148659414
19,719,21.72,2,2.51,0.490317748,17.19799178,0.234512224,119,12.63384709,92.17711655,13.28854909,0.040887241
19,720,21.72,2,2.51,1.469231156,18.98032738,0.81698643,94,19.06835455,149.6128428,14.23752148,0.138744398
19,721,21.72,2,2.51,0.755469467,10.92774902,0.306656298,54,6.826244388,128.2566765,14.00990099,0.150349008
19,722,21.72,2,2.51,0.834941406,11.35329095,0.319563211,54,7.164200824,134.4405493,14.14820452,0.166195495
19,723,21.72,2,2.51,0.637953717,10.12380442,0.251832664,50,5.83651363,124.114497,14.07417859,0.145090423
19,724,21.72,2,2.51,0.772011597,11.76111594,0.307696106,57,7.388696362,130.4821429,14.26156898,0.1514036
20,725,27.98,2,2.77,0.422304867,17.50516516,0.189997019,124,12.58136497,87.86306202,13.03618983,0.034852932
20,726,27.98,2,2.77,1.616688306,20.74734723,0.802702427,100,20.16071965,151.0123565,14.31483549,0.132562408
20,727,27.98,2,2.77,0.85844602,13.11386457,0.369603317,66,9.055794948,128.9174904,14.28922737,0.135576817
20,728,27.98,2,2.77,0.96015494,14.15068683,0.417980905,69,9.74380023,133.04261,14.22348831,0.140768907
20,729,27.98,2,2.77,0.929398159,13.8295346,0.386568891,66,9.448605724,135.069316,14.29421166,0.148950232
20,730,27.98,2,2.77,0.881526973,13.61264295,0.370750051,67,9.285008421,129.4255022,14.32560647,0.134279116
20,731,27.98,2,2.77,0.828698877,12.82565584,0.339551743,64,8.482372182,127.0421317,14.28811392,0.133393896
