Held_Out_Series,Inner_Fold,Feature,Stage1_N,Stage2_N,Stage3_N,Stage4_N,PC1_Variance,PC2_Variance,PC12_Cumulative
1,1,mean_s,31,29,24,7,0.5980605616709844,0.17564692660358258,0.773707488274567
1,1,lab_b,31,29,24,7,0.5980605616709844,0.17564692660358258,0.773707488274567
1,1,SI,31,29,24,7,0.5980605616709844,0.17564692660358258,0.773707488274567
1,1,mean_r,31,29,24,7,0.5980605616709844,0.17564692660358258,0.773707488274567
1,1,energy,31,29,24,7,0.5980605616709844,0.17564692660358258,0.773707488274567
1,1,mean_b,31,29,24,7,0.5980605616709844,0.17564692660358258,0.773707488274567
1,1,CI,31,29,24,7,0.5980605616709844,0.17564692660358258,0.773707488274567
1,2,lab_b,31,31,27,8,0.6258897714873556,0.16307721406226652,0.7889669855496221
1,2,mean_s,31,31,27,8,0.6258897714873556,0.16307721406226652,0.7889669855496221
1,2,mean_r,31,31,27,8,0.6258897714873556,0.16307721406226652,0.7889669855496221
1,2,SI,31,31,27,8,0.6258897714873556,0.16307721406226652,0.7889669855496221
1,2,contrast,31,31,27,8,0.6258897714873556,0.16307721406226652,0.7889669855496221
1,2,CI,31,31,27,8,0.6258897714873556,0.16307721406226652,0.7889669855496221
1,2,mean_b,31,31,27,8,0.6258897714873556,0.16307721406226652,0.7889669855496221
1,2,lab_a,31,31,27,8,0.6258897714873556,0.16307721406226652,0.7889669855496221
1,3,mean_h,32,31,28,8,0.5854937690834578,0.18449110876146543,0.7699848778449233
1,3,luv_v,32,31,28,8,0.5854937690834578,0.18449110876146543,0.7699848778449233
1,3,mean_g,32,31,28,8,0.5854937690834578,0.18449110876146543,0.7699848778449233
1,3,SI,32,31,28,8,0.5854937690834578,0.18449110876146543,0.7699848778449233
1,3,luv_u,32,31,28,8,0.5854937690834578,0.18449110876146543,0.7699848778449233
1,3,contrast,32,31,28,8,0.5854937690834578,0.18449110876146543,0.7699848778449233
1,3,mean_s,32,31,28,8,0.5854937690834578,0.18449110876146543,0.7699848778449233
1,3,CI,32,31,28,8,0.5854937690834578,0.18449110876146543,0.7699848778449233
1,4,luv_v,32,32,27,8,0.5897164572138311,0.17987627914711676,0.7695927363609479
1,4,mean_r,32,32,27,8,0.5897164572138311,0.17987627914711676,0.7695927363609479
1,4,SI,32,32,27,8,0.5897164572138311,0.17987627914711676,0.7695927363609479
1,4,mean_h,32,32,27,8,0.5897164572138311,0.17987627914711676,0.7695927363609479
1,4,mean_s,32,32,27,8,0.5897164572138311,0.17987627914711676,0.7695927363609479
1,4,entropy,32,32,27,8,0.5897164572138311,0.17987627914711676,0.7695927363609479
1,4,xyz_Z,32,32,27,8,0.5897164572138311,0.17987627914711676,0.7695927363609479
1,4,CI,32,32,27,8,0.5897164572138311,0.17987627914711676,0.7695927363609479
2,1,SI,32,32,28,8,0.5277974815417809,0.19024471583643648,0.7180421973782174
2,1,CI,32,32,28,8,0.5277974815417809,0.19024471583643648,0.7180421973782174
2,1,HI,32,32,28,8,0.5277974815417809,0.19024471583643648,0.7180421973782174
2,1,lab_b,32,32,28,8,0.5277974815417809,0.19024471583643648,0.7180421973782174
2,1,entropy,32,32,28,8,0.5277974815417809,0.19024471583643648,0.7180421973782174
2,1,median_s,32,32,28,8,0.5277974815417809,0.19024471583643648,0.7180421973782174
2,1,mean_r,32,32,28,8,0.5277974815417809,0.19024471583643648,0.7180421973782174
2,1,mean_b,32,32,28,8,0.5277974815417809,0.19024471583643648,0.7180421973782174
2,2,SI,32,32,28,8,0.5417656570698658,0.18482212299978268,0.7265877800696485
2,2,CI,32,32,28,8,0.5417656570698658,0.18482212299978268,0.7265877800696485
2,2,median_s,32,32,28,8,0.5417656570698658,0.18482212299978268,0.7265877800696485
2,2,entropy,32,32,28,8,0.5417656570698658,0.18482212299978268,0.7265877800696485
2,2,lab_b,32,32,28,8,0.5417656570698658,0.18482212299978268,0.7265877800696485
2,2,median_h,32,32,28,8,0.5417656570698658,0.18482212299978268,0.7265877800696485
2,2,mean_b,32,32,28,8,0.5417656570698658,0.18482212299978268,0.7265877800696485
2,2,mean_r,32,32,28,8,0.5417656570698658,0.18482212299978268,0.7265877800696485
2,3,entropy,32,31,26,8,0.549199266961113,0.17437743986627852,0.7235767068273915
2,3,CI,32,31,26,8,0.549199266961113,0.17437743986627852,0.7235767068273915
2,3,SI,32,31,26,8,0.549199266961113,0.17437743986627852,0.7235767068273915
2,3,median_s,32,31,26,8,0.549199266961113,0.17437743986627852,0.7235767068273915
2,3,mean_b,32,31,26,8,0.549199266961113,0.17437743986627852,0.7235767068273915
2,3,lab_b,32,31,26,8,0.549199266961113,0.17437743986627852,0.7235767068273915
2,3,HI,32,31,26,8,0.549199266961113,0.17437743986627852,0.7235767068273915
2,3,mean_v,32,31,26,8,0.549199266961113,0.17437743986627852,0.7235767068273915
2,4,CI,32,32,28,9,0.5225805174725927,0.20478445849648286,0.7273649759690756
2,4,SI,32,32,28,9,0.5225805174725927,0.20478445849648286,0.7273649759690756
2,4,median_s,32,32,28,9,0.5225805174725927,0.20478445849648286,0.7273649759690756
2,4,entropy,32,32,28,9,0.5225805174725927,0.20478445849648286,0.7273649759690756
2,4,lab_b,32,32,28,9,0.5225805174725927,0.20478445849648286,0.7273649759690756
2,4,median_h,32,32,28,9,0.5225805174725927,0.20478445849648286,0.7273649759690756
2,4,luv_u,32,32,28,9,0.5225805174725927,0.20478445849648286,0.7273649759690756
2,4,mean_b,32,32,28,9,0.5225805174725927,0.20478445849648286,0.7273649759690756
2,4,mean_r,32,32,28,9,0.5225805174725927,0.20478445849648286,0.7273649759690756
3,1,median_s,32,32,29,9,0.5284121533010229,0.2000989571870127,0.7285111104880355
3,1,lab_b,32,32,29,9,0.5284121533010229,0.2000989571870127,0.7285111104880355
3,1,SI,32,32,29,9,0.5284121533010229,0.2000989571870127,0.7285111104880355
3,1,CI,32,32,29,9,0.5284121533010229,0.2000989571870127,0.7285111104880355
3,1,entropy,32,32,29,9,0.5284121533010229,0.2000989571870127,0.7285111104880355
3,1,luv_u,32,32,29,9,0.5284121533010229,0.2000989571870127,0.7285111104880355
3,1,median_h,32,32,29,9,0.5284121533010229,0.2000989571870127,0.7285111104880355
3,1,mean_b,32,32,29,9,0.5284121533010229,0.2000989571870127,0.7285111104880355
3,1,mean_r,32,32,29,9,0.5284121533010229,0.2000989571870127,0.7285111104880355
3,2,SI,32,32,28,9,0.5485305005422256,0.1773037857618021,0.7258342863040277
3,2,luv_v,32,32,28,9,0.5485305005422256,0.1773037857618021,0.7258342863040277
3,2,CI,32,32,28,9,0.5485305005422256,0.1773037857618021,0.7258342863040277
3,2,HI,32,32,28,9,0.5485305005422256,0.1773037857618021,0.7258342863040277
3,2,mean_v,32,32,28,9,0.5485305005422256,0.1773037857618021,0.7258342863040277
3,2,luv_u,32,32,28,9,0.5485305005422256,0.1773037857618021,0.7258342863040277
3,2,median_s,32,32,28,9,0.5485305005422256,0.1773037857618021,0.7258342863040277
3,2,entropy,32,32,28,9,0.5485305005422256,0.1773037857618021,0.7258342863040277
3,2,xyz_Z,32,32,28,9,0.5485305005422256,0.1773037857618021,0.7258342863040277
3,3,lab_b,32,32,29,9,0.5462495981716492,0.18811058625227375,0.7343601844239229
3,3,SI,32,32,29,9,0.5462495981716492,0.18811058625227375,0.7343601844239229
3,3,luv_u,32,32,29,9,0.5462495981716492,0.18811058625227375,0.7343601844239229
3,3,median_s,32,32,29,9,0.5462495981716492,0.18811058625227375,0.7343601844239229
3,3,CI,32,32,29,9,0.5462495981716492,0.18811058625227375,0.7343601844239229
3,3,median_h,32,32,29,9,0.5462495981716492,0.18811058625227375,0.7343601844239229
3,3,mean_r,32,32,29,9,0.5462495981716492,0.18811058625227375,0.7343601844239229
3,3,energy,32,32,29,9,0.5462495981716492,0.18811058625227375,0.7343601844239229
3,3,xyz_Z,32,32,29,9,0.5462495981716492,0.18811058625227375,0.7343601844239229
3,4,SI,32,32,28,9,0.5716630609925484,0.186720372417132,0.7583834334096804
3,4,median_h,32,32,28,9,0.5716630609925484,0.186720372417132,0.7583834334096804
3,4,luv_v,32,32,28,9,0.5716630609925484,0.186720372417132,0.7583834334096804
3,4,CI,32,32,28,9,0.5716630609925484,0.186720372417132,0.7583834334096804
3,4,mean_r,32,32,28,9,0.5716630609925484,0.186720372417132,0.7583834334096804
3,4,luv_u,32,32,28,9,0.5716630609925484,0.186720372417132,0.7583834334096804
3,4,median_s,32,32,28,9,0.5716630609925484,0.186720372417132,0.7583834334096804
3,4,xyz_Z,32,32,28,9,0.5716630609925484,0.186720372417132,0.7583834334096804
3,4,entropy,32,32,28,9,0.5716630609925484,0.186720372417132,0.7583834334096804
