Sample_No,image_no,moisture,soil_type,soc,SI,lab_b,median_h,CI,mean_r,luv_u,median_s,xyz_Z,entropy
4,6,13.5,1,1.22,2.193528626,25.68159375,20,0.658256742,162.9836177,15.82543867,99,0.159225604,13.30445934
4,7,13.5,1,1.22,1.635630565,22.59476564,19,0.430063861,171.9700853,15.26672661,85,0.20474305,14.18959667
8,15,4.13,1,0.99,2.100016312,28.05963592,21,0.564867767,159.6281091,16.40336662,108,0.138034128,14.05548365
8,16,4.13,1,0.99,1.613534721,28.04520664,21,0.44245281,159.1781728,16.37981651,107,0.136946846,14.7445965
9,17,34.31,1,1.31,1.340567284,21.71090729,19,0.416578934,162.1806441,15.44275975,88,0.175969596,14.74362522
9,18,34.31,1,1.31,1.33586119,21.04492444,19,0.38890096,170.7757494,15.04517697,81,0.209500065,14.44932319
9,19,34.31,1,1.31,1.393296657,22.38156081,19,0.427462244,167.9445552,16.02175846,88,0.189339846,14.45816692
1,20,0.0,1,1.38,1.67808977,24.66506552,22,0.648100168,141.3242188,12.77337398,103,0.113908494,13.35948335
2,23,0.0,1,1.48,2.554788608,25.41573076,22,0.740292677,149.6930604,12.93439414,100,0.131992166,12.46003892
4,28,0.0,1,1.32,2.201644392,16.46758082,20,0.575721304,153.7985292,10.74261401,69,0.191272098,11.94103641
4,29,0.0,1,1.32,1.807602683,22.75106242,22,0.595493648,142.8822943,11.34343011,93,0.128933763,12.90531423
5,32,0.0,1,2.2,2.125487546,21.09028803,21,0.637649617,143.069874,11.14222079,88,0.136506462,12.44980918
6,35,0.0,1,1.49,2.347138528,21.70339217,22,0.521455838,148.82954,10.90890282,86,0.151011479,12.74096371
8,41,0.0,1,1.18,1.919228756,22.78078864,22,0.599703472,144.3629026,11.42765258,93,0.132503736,12.84977439
9,44,0.0,1,3.11,1.555403349,20.57595311,20,0.672724991,138.2390784,11.86956953,90,0.123416844,12.6241574
9,45,0.0,1,3.11,1.743983518,19.33765306,21,0.451013663,161.6602559,10.80353738,74,0.20350709,13.24298883
1,46,46.78,1,1.38,1.766634273,23.31716138,19,0.643578852,144.5408163,16.22562368,103,0.117270654,13.93944029
1,47,46.78,1,1.38,1.794961846,25.45449797,19,0.672643896,149.6291853,17.29596018,108,0.119429098,14.01263731
2,48,46.5,1,1.48,1.230061812,20.9526996,19,0.54058725,128.1736886,13.65754895,102,0.093442374,13.62981921
2,49,46.5,1,1.48,1.621931102,22.83062649,19,0.62503459,138.4635085,15.58461183,105,0.105978476,13.7689041
4,51,48.55,1,1.32,1.016479046,19.83771306,20,0.464837604,123.261639,12.27455395,99,0.089489534,13.72347387
4,52,48.55,1,1.32,1.531173799,21.73731401,19,0.563481382,139.571887,14.76721916,99,0.11448355,13.98275807
5,53,51.05,1,2.2,1.451034298,21.01651455,19,0.533039204,141.9511918,14.29466091,95,0.124377758,14.18941977
5,54,51.05,1,2.2,1.463100137,21.01611491,19,0.527907314,141.1315171,14.19459715,95,0.12255409,14.14739105
6,55,39.76,1,1.49,1.298189206,19.33637554,20,0.512519031,132.890346,11.5560495,88,0.115229053,13.63469672
6,56,39.76,1,1.49,1.582728675,21.0171687,20,0.518030532,142.8477958,12.80861815,90,0.131082668,13.80573605
8,59,48.3,1,1.18,1.802034073,26.56302387,20,0.699259388,144.7016303,17.09867837,114,0.104350001,13.85401045
8,60,48.3,1,1.18,1.876995119,26.85779375,20,0.674010723,148.0205875,17.18651234,113,0.110885494,13.92473775
9,61,58.85,1,3.11,1.354423456,17.7059432,19,0.540528522,140.6910276,12.41619085,81,0.139359337,13.96652374
9,62,58.85,1,3.11,1.301763196,17.77542398,19,0.521148732,137.1311185,12.03948298,83,0.130508509,13.92345283
9,63,58.85,1,3.11,1.401336509,19.47849436,19,0.557821011,135.4589644,13.2065762,91,0.116504053,13.98314857
1,64,6.86,1,1.38,1.855681313,29.34781747,21,0.582658687,150.6662946,16.58061546,118,0.110155994,14.16383238
1,65,6.86,1,1.38,2.038112606,30.37366933,21,0.617167587,151.8234813,17.620782,122,0.106810902,14.14361083
2,66,7.21,1,1.48,1.912338151,27.5179118,21,0.695701127,148.1412229,16.09054249,113,0.111695738,13.72780103
2,67,7.21,1,1.48,2.22592103,29.49461261,21,0.685565686,154.6802256,17.19465355,116,0.117704139,13.81740287
4,70,7.34,1,1.32,2.053647028,29.6713274,21,0.631947519,152.5439055,17.8203759,119,0.110369519,14.10769129
4,71,7.34,1,1.32,1.838508178,27.70624799,20,0.625009191,149.9001315,16.79691377,114,0.113442077,14.1312092
5,72,10.52,1,2.2,1.754154227,26.61723828,20,0.549748548,150.396863,16.24002752,109,0.119980378,14.16699732
5,73,10.52,1,2.2,1.790423769,26.5622169,20,0.539493971,148.9572106,16.12260806,109,0.116928549,14.14327606
6,74,8.04,1,1.49,1.915886187,27.06999352,21,0.533514327,154.4303651,15.82737228,106,0.129733346,13.99949086
6,75,8.04,1,1.49,1.876134611,27.44544178,21,0.477037339,155.3753388,15.90606874,107,0.130547735,14.14622732
6,76,8.04,1,1.49,1.910268541,27.26856508,21,0.525890802,156.5037269,15.9526602,106,0.134076039,14.01483696
8,80,7.07,1,1.18,2.161013289,30.24916119,21,0.682839252,151.1367785,17.85726293,122,0.105080049,13.95919457
8,81,7.07,1,1.18,2.409024813,32.19194576,21,0.675181432,159.659379,19.19711402,123,0.115087234,14.09683903
8,82,7.07,1,1.18,2.440508456,32.67596585,21,0.673267459,159.744898,19.36677751,125,0.11317784,14.08399892
9,83,14.96,1,3.11,1.726621592,27.51209058,19,0.57439807,155.5149673,19.12078465,113,0.121857862,14.2940207
9,84,14.96,1,3.11,1.705720459,25.23561937,19,0.561433053,152.4481425,17.34268123,105,0.1272586,14.19813227
9,85,14.96,1,3.11,1.694390704,26.1513633,20,0.503640162,152.3059232,17.23580338,108,0.123789391,14.43392979
1,86,2.73,1,1.38,1.76239758,24.18840747,21,0.515442098,155.6067243,13.43267862,95,0.151828458,13.86428058
1,87,2.73,1,1.38,1.625447345,23.25533447,21,0.475379975,153.4893575,12.89902187,92,0.151388508,13.92134858
2,88,5.1,1,1.48,2.130419545,28.52628432,21,0.556322348,158.2756696,15.59406153,109,0.134923015,13.75343567
2,89,5.1,1,1.48,2.021038532,27.30332519,22,0.477631525,166.3104074,14.57301826,99,0.166144289,13.90486492
2,90,5.1,1,1.48,2.011094705,27.06373152,22,0.48756281,164.5072545,14.31513745,99,0.162647573,13.83534705
4,93,2.37,1,1.32,1.774299238,25.92480505,21,0.586553123,153.7695313,14.46141972,102,0.136386774,13.94340743
4,94,2.37,1,1.32,1.772010979,25.44259648,21,0.524094928,159.4185467,14.33286544,97,0.1546324,14.01511127
5,95,4.33,1,2.2,1.690854317,24.54894758,21,0.481726955,153.835499,13.54243441,96,0.144919745,14.02222178
5,96,4.33,1,2.2,1.607494609,23.71183199,21,0.441019034,157.351144,13.01780488,91,0.160396419,14.10156579
6,97,2.79,1,1.49,1.512366703,24.02142588,22,0.380015542,157.8844467,12.00786055,90,0.164080057,14.15149804
6,98,2.79,1,1.49,1.452527188,23.20609535,22,0.351639837,162.5595105,11.99854164,85,0.182573472,14.24365562
8,101,3.91,1,1.18,2.035033189,29.25144713,21,0.517935117,162.5590123,16.27576068,109,0.141608404,14.03987337
8,102,3.91,1,1.18,1.904649838,28.39024087,21,0.478114982,164.9670759,15.65664464,104,0.15385972,14.12308836
8,103,3.91,1,1.18,2.013245399,32.39009411,22,0.444325601,165.0045041,16.24950699,116,0.135746199,14.49627251
9,104,10.48,1,3.11,1.707694413,25.83328353,20,0.507947568,155.2989278,15.34525363,102,0.138263094,14.22387203
9,105,10.48,1,3.11,1.532240433,23.86476567,21,0.43857271,153.9855309,13.90229358,94,0.147034686,14.25445723
9,106,10.48,1,3.11,1.850898298,30.55683042,21,0.465347175,163.0736408,17.54532187,114,0.134131195,14.59998102
1,107,0.75,1,1.38,1.904631341,28.83063551,21,0.643666737,149.5976762,16.68024869,117,0.109157617,14.01040364
1,108,0.75,1,1.38,2.323044987,31.72397347,21,0.625789139,157.8910435,18.30283842,122,0.114744903,14.14699994
2,110,0.71,1,1.48,2.470900447,30.98665856,21,0.636438684,161.2184511,17.98378486,118,0.126468735,13.89363555
2,111,0.71,1,1.48,2.507582144,30.86136025,21,0.630126206,161.0831075,18.01907704,117,0.126497994,13.84464673
2,112,0.71,1,1.48,2.205087109,29.11274761,21,0.582901449,163.3921795,16.88639339,110,0.142642107,13.87280156
2,113,0.71,1,1.48,2.283885692,29.22492387,21,0.556988726,163.692343,16.9178601,110,0.142918516,13.89411202
4,116,0.69,1,1.32,1.894786755,26.6056672,21,0.718424307,149.1075614,15.50386649,109,0.118794995,13.59067464
4,117,0.69,1,1.32,1.764519586,25.91799804,21,0.679101094,148.1776945,14.9235735,106,0.12053212,13.71764533
4,118,0.69,1,1.32,2.438190383,33.00757826,21,0.568716715,169.5285993,19.45677411,120,0.136228947,14.30738083
5,119,0.87,1,2.2,1.772668747,25.54194887,20,0.643483256,146.5186344,15.16114512,107,0.11711358,13.770426
5,120,0.87,1,2.2,1.799261986,25.62439845,20,0.646225765,147.8927176,15.20428125,106,0.120115219,13.79719613
5,121,0.87,1,2.2,1.89194546,26.85539126,20,0.596154124,154.1804648,16.09047509,107,0.129153436,14.02627958
6,122,0.62,1,1.49,1.581913066,24.10742788,21,0.502062023,147.782665,13.71467054,98,0.129669365,13.97084294
6,123,0.62,1,1.49,1.7273307,27.99360842,21,0.494106523,161.6867626,16.27099836,105,0.144334109,14.2285217
6,124,0.62,1,1.49,1.621869759,24.80201041,21,0.509847173,159.5556043,14.28172488,95,0.157969857,14.0630844
8,128,0.68,1,1.18,2.264788022,30.45290319,21,0.586882772,162.5983937,17.66624853,115,0.132943104,14.11031709
8,129,0.68,1,1.18,2.30591355,31.06040883,21,0.58637656,163.5931322,17.94193993,116,0.132429672,14.07374633
8,130,0.68,1,1.18,2.221075233,30.09330336,21,0.637581082,155.6548948,17.45332589,118,0.117278014,13.96226278
9,131,0.98,1,3.11,1.876385358,25.10279735,20,0.545323066,158.6738481,15.81392154,99,0.149211965,14.08609769
9,132,0.98,1,3.11,1.869011999,27.27597767,20,0.543357615,157.7781808,17.04010632,107,0.134308638,14.24071496
9,133,0.98,1,3.11,1.770446405,26.50221808,20,0.536975799,159.5723852,16.55382259,103,0.143697226,14.24721606
1,134,19.4,1,1.38,1.83766853,30.64861096,20,0.709954982,142.1470225,19.21811355,134,0.081840515,14.1048234
1,135,19.4,1,1.38,1.948217964,29.46864507,20,0.635820193,152.7097816,18.64730249,120,0.109406175,14.3203678
2,136,19.86,1,1.48,2.071200376,29.83606423,20,0.737041264,151.5737006,19.56225034,123,0.103383709,13.91683637
2,137,19.86,1,1.48,1.634844986,27.7624632,20,0.779897387,139.83524,17.78281239,123,0.088449836,13.76246221
4,142,1.81,1,1.32,1.898723427,28.64314521,20,0.725068336,149.114198,18.41322505,121,0.104430526,13.89459794
4,143,1.81,1,1.32,1.94440503,29.54423996,20,0.674189688,154.6189214,19.45196136,121,0.111655879,14.22376804
4,144,1.81,1,1.32,1.938124613,29.02079764,20,0.667903791,153.6031768,19.02196783,119,0.112114399,14.2168291
5,145,4.12,1,2.2,1.793764552,26.28289775,20,0.582866175,150.2485651,16.95972973,109,0.118891497,14.29359986
5,146,4.12,1,2.2,1.632716426,23.88247459,20,0.54094422,142.839784,15.08710729,104,0.114136648,14.31645959
5,147,4.12,1,2.2,1.85292807,28.25565804,20,0.593602456,150.3342235,17.84568451,117,0.109933734,14.35952676
6,148,2.36,1,1.49,1.629240326,25.9561604,20,0.595782694,145.015904,16.07178282,111,0.109663932,14.30116183
6,149,2.36,1,1.49,1.696340307,26.91818082,20,0.600097101,149.4920679,16.71509495,112,0.11542255,14.26576638
8,153,22.42,1,1.18,2.108339684,31.63344818,20,0.859935222,148.3475167,20.6574097,133,0.088469749,13.75656032
8,154,22.42,1,1.18,2.313487995,32.87979933,20,0.892511987,154.9745297,22.00949264,133,0.095671101,13.87255548
8,155,22.42,1,1.18,2.180953412,30.16329012,21,0.722312547,147.2827846,17.80345967,124,0.096904737,13.85525333
9,156,23.27,1,3.11,1.516833098,25.64272902,19,0.585901537,143.9930046,17.06120541,113,0.105843383,14.42570349
9,157,23.27,1,3.11,1.477067534,22.38201193,19,0.49213868,142.5615633,14.85344865,100,0.119392798,14.47715724
9,158,23.27,1,3.11,1.36123476,20.7700067,19,0.497543769,137.7577129,14.1651201,97,0.115028104,14.44716014
1,159,3.03,1,1.38,1.923519906,27.67676431,21,0.578094432,154.2984096,16.04185333,109,0.126497678,14.10470207
1,160,3.03,1,1.38,2.227587489,30.02487807,21,0.658169563,153.8520408,17.58417007,119,0.11283992,13.91580356
1,161,3.03,1,1.38,2.163035273,29.30200907,21,0.606506792,158.2329998,17.23375777,113,0.127205524,13.98981959
2,162,2.6,1,1.48,2.380456554,31.4521482,21,0.563620354,167.3793248,18.03339909,115,0.140707952,14.07407327
2,163,2.6,1,1.48,2.309365617,29.7078834,21,0.588189884,163.7767658,17.2178968,111,0.140313657,13.83673839
2,164,2.6,1,1.48,2.294698264,33.39861497,21,0.486660064,177.0750359,19.35977026,116,0.155695018,14.24225977
4,168,1.81,1,1.32,1.998639818,28.19493557,21,0.516859536,164.0293766,15.82964131,105,0.151453432,13.98039972
4,169,1.81,1,1.32,2.141876175,29.92573186,21,0.489582712,170.5571987,16.87846855,107,0.159603815,14.07345629
4,170,1.81,1,1.32,2.055959949,28.03051031,21,0.602466508,158.6512077,15.84143735,108,0.137159804,13.74279265
5,171,4.12,1,2.2,2.050483233,28.08364406,21,0.558312351,162.8484136,16.97493012,106,0.145072396,14.06505819
5,172,4.12,1,2.2,2.107289541,29.64955339,21,0.548734759,165.8181401,18.03122698,110,0.143746086,14.1917556
5,173,4.12,1,2.2,1.858098729,29.30242287,21,0.452311055,165.676419,16.80742424,107,0.148454332,14.38517929
6,174,2.36,1,1.49,1.770565723,26.57656675,22,0.534905445,157.8702766,14.51191766,102,0.14488141,13.98345689
6,175,2.36,1,1.49,1.905954879,29.19794939,21,0.465729798,164.8631816,16.02102011,107,0.149008099,14.26250485
6,176,2.36,1,1.49,1.631361552,25.31940066,22,0.459931259,159.46307,13.88196178,96,0.156764568,14.24734568
8,180,3.23,1,1.18,2.347452293,30.21534125,21,0.690541194,152.0955238,17.1291386,119,0.109182614,13.58435115
8,181,3.23,1,1.18,2.234832385,30.07869055,21,0.576519457,160.6244619,16.98502934,113,0.13113013,13.93784069
8,182,3.23,1,1.18,2.242431599,30.32944545,21,0.543509556,163.3632215,16.81921628,112,0.137874631,13.88485097
9,183,4.43,1,3.11,1.608623494,25.20279954,21,0.481403667,152.5990912,14.38002487,101,0.136312878,14.20569127
9,184,4.43,1,3.11,1.504277641,24.98421085,21,0.450955021,151.4845344,14.10258502,100,0.134991951,14.34966843
9,185,4.43,1,3.11,1.53320761,24.75860193,21,0.446734415,150.9735332,13.83376482,99,0.135302089,14.33804697
1,186,0.82,1,1.38,1.749901671,26.10582394,21,0.547639996,154.6326531,14.51060979,102,0.137861654,14.0123758
1,187,0.82,1,1.38,1.485390179,24.42959093,21,0.542609339,139.3576212,13.51370709,104,0.10803796,14.01856163
2,188,0.74,1,1.48,1.777274017,25.56575005,21,0.614782499,148.5117387,14.1857069,103,0.12472225,13.88409299
4,191,0.74,1,1.32,2.011638798,26.96419839,20,0.645941621,154.9829002,16.08254658,107,0.130859101,13.91059086
4,192,0.74,1,1.32,1.972937679,27.50617209,21,0.598313201,158.5456792,16.34797854,107,0.137466644,14.03489812
5,193,0.91,1,2.2,1.487234777,23.4225228,21,0.431881498,150.9848932,13.06825262,93,0.143022467,14.30105477
5,194,0.91,1,2.2,1.562563683,24.99122902,21,0.440135395,156.3808992,14.13309883,96,0.148429375,14.37510324
5,195,0.91,1,2.2,1.513669187,24.34980932,21,0.451075687,153.2808115,13.60094037,95,0.143996325,14.30303887
6,196,0.67,1,1.49,1.600132817,25.09142178,21,0.501773181,152.7063935,13.74603098,98,0.138957868,14.22408175
6,197,0.67,1,1.49,1.607453035,26.6309209,21,0.518179571,152.7241709,14.72395938,105,0.130094672,14.25569383
8,202,0.76,1,1.18,1.771630441,25.99312184,22,0.546921335,149.5169404,13.83691747,103,0.126702887,13.90828684
8,203,0.76,1,1.18,1.945826684,28.24427566,21,0.470892757,163.0755341,15.68645161,105,0.148978174,14.14532551
9,204,0.84,1,3.11,1.337678055,21.45851055,20,0.405440743,144.2889031,12.78487843,91,0.133317857,14.47239021
9,205,0.84,1,3.11,1.328522293,23.13925678,20,0.391439238,153.550283,13.83083977,93,0.149041421,14.67415189
10,206,13.26,2,2.05,1.302367847,22.62738648,20,0.378448074,156.0999283,14.32168508,93,0.157050655,14.88932414
10,207,13.26,2,2.05,1.328364812,23.43258237,20,0.363976615,163.1478795,15.06138546,93,0.17237712,14.94238786
10,208,13.26,2,2.05,1.309646333,23.25300629,20,0.377401568,161.3709144,14.78292861,93,0.168648162,14.95509075
10,209,13.26,2,2.05,1.224433258,23.25013286,20,0.383682394,158.6043128,14.71291035,94,0.160493896,15.03932931
10,210,13.26,2,2.05,1.313905103,23.88115305,20,0.382876595,160.8079759,14.88784903,95,0.163750621,15.00048839
10,211,13.26,2,2.05,1.281995185,23.28868918,20,0.368730007,162.0340202,14.71496445,93,0.17077179,14.97788902
10,212,13.26,2,2.05,1.209725185,22.19053941,20,0.405281493,153.4504544,12.95455125,91,0.155640746,15.0052021
10,213,13.26,2,2.05,1.245491921,21.48816641,20,0.3695144,156.0948063,13.6269464,89,0.164380974,14.94489063
10,216,13.26,2,2.05,1.110866177,20.36247145,19,0.385778919,152.842056,14.57145038,88,0.156344696,14.98228982
10,217,13.26,2,2.05,1.120733638,20.32685821,19,0.375993815,154.6618104,14.68684306,87,0.161562686,14.98757532
11,218,13.35,2,2.29,1.080475361,21.08077934,19,0.340206039,158.005102,13.9884261,86,0.170862168,14.95483733
11,219,13.35,2,2.29,1.053060573,20.10930094,19,0.336388267,156.8299984,13.41417617,83,0.173677628,14.96703421
11,220,13.35,2,2.29,1.157581702,21.55146802,19,0.353086384,158.2009925,14.41714728,89,0.167835935,15.01888232
11,221,13.35,2,2.29,1.155839872,22.03634593,19,0.374875103,160.6058873,14.86430455,90,0.171541312,14.98158219
11,222,13.35,2,2.29,1.113921136,21.73640777,19,0.357989297,159.6346261,14.71462893,89,0.170407115,15.01371551
11,223,13.35,2,2.29,1.094496479,21.13947743,19,0.32981115,152.8904456,13.7791307,89,0.15577101,14.95388126
11,224,13.35,2,2.29,1.030818032,20.51901442,19,0.344090432,149.0190529,13.55334055,90,0.147853183,14.94031541
11,225,13.35,2,2.29,1.129830936,22.46101392,19,0.34989428,159.4474649,14.56042416,91,0.167075246,15.02927265
11,226,13.35,2,2.29,1.077735179,22.01958682,20,0.334559435,157.3766342,13.7207524,89,0.165597344,15.0174734
11,227,13.35,2,2.29,1.114927993,22.15630846,20,0.335638795,157.035794,13.78564871,90,0.163724487,15.00039879
11,228,13.35,2,2.29,1.165061282,22.97844154,20,0.347927612,158.1793886,14.27564763,92,0.161877761,15.01356598
11,229,13.35,2,2.29,1.19595997,22.94984675,20,0.353705535,159.2932677,14.28062804,92,0.165363962,14.99925947
12,230,8.89,2,1.92,1.661030493,27.07027887,18,0.518147914,177.9884606,21.79068355,103,0.179128678,14.52657694
12,231,8.89,2,1.92,1.621444916,26.6896067,18,0.493462215,175.2034837,20.77747017,103,0.175548597,14.55779253
12,232,8.89,2,1.92,1.76573541,25.53246626,18,0.563596058,167.5001794,20.40575077,102,0.158609038,14.56865087
12,233,8.89,2,1.92,1.711128217,29.06877043,19,0.504244113,166.1894731,20.1924242,114,0.14082821,14.81545899
12,234,8.89,2,1.92,1.785482485,29.93471817,19,0.523544737,170.8999522,21.31914974,115,0.147009475,14.66912385
12,235,8.89,2,1.92,1.742063464,29.71308756,19,0.494588983,169.0630381,20.92716879,115,0.143973483,14.76153075
12,236,8.89,2,1.92,1.759900434,28.26123203,19,0.512133777,168.9709622,20.3670685,110,0.151357859,14.60622703
12,237,8.89,2,1.92,1.868466784,31.16897763,19,0.484792259,175.8468391,21.5111863,116,0.155226283,14.7639276
12,238,8.89,2,1.92,1.620422218,29.51835344,19,0.47358965,167.6662946,20.16469991,115,0.143128909,14.89835157
12,239,8.89,2,1.92,1.770137505,30.54119037,19,0.464977859,171.824996,21.00078369,117,0.148010478,14.6978184
12,240,8.89,2,1.92,1.745318473,30.92324779,19,0.49833432,172.0515784,22.01442461,119,0.144143622,14.88794789
12,241,8.89,2,1.92,1.901115427,31.86385146,19,0.491765478,179.8871971,22.22552489,116,0.161756693,14.6557833
12,242,8.89,2,1.92,1.968028684,28.89243509,19,0.540255091,171.4870057,21.02569195,110,0.1538913,14.45732222
12,243,8.89,2,1.92,1.862210032,30.82033268,19,0.491511695,177.3977997,21.466053,112,0.161370597,14.42418182
12,244,8.89,2,1.92,1.643182374,29.39110826,19,0.452973602,183.8625239,20.76794874,105,0.190280091,14.50344334
12,245,8.89,2,1.92,1.864948707,28.78551273,19,0.521048663,172.9827208,20.99746525,109,0.158760757,14.4427299
12,247,8.89,2,1.92,1.606826634,28.04319848,19,0.445196914,166.370456,18.97367503,110,0.149093689,14.79803483
12,248,8.89,2,1.92,1.653169948,29.64962503,20,0.439926527,170.9925263,19.85519968,113,0.152802967,14.78133817
12,249,8.89,2,1.92,1.724018489,30.03417566,20,0.44331006,172.836376,20.08967297,113,0.155738363,14.77016751
12,250,8.89,2,1.92,1.391466164,26.58776066,20,0.412798219,159.2425263,17.23809393,108,0.140401409,14.98115121
12,251,8.89,2,1.92,1.368729428,26.35280113,20,0.400037899,157.2653261,16.8439789,108,0.137117516,14.95183202
10,269,0.0,2,2.05,1.305660439,26.27425452,21,0.801526298,136.5585738,15.36246386,118,0.091381272,13.26880788
10,270,0.0,2,2.05,1.439212893,24.02376852,20,0.730736213,137.4880823,14.25068067,107,0.103151591,13.08105529
11,272,0.0,2,2.29,1.340630666,24.65746105,20,0.554796011,133.9261998,14.63347993,114,0.09232472,13.96560159
11,273,0.0,2,2.29,1.245002186,20.15765693,19,0.481618216,128.2927475,13.17037817,98,0.097352552,14.4739841
11,274,0.0,2,2.29,0.425176857,15.62095815,22,0.162052454,106.6364397,7.138125105,83,0.079273532,12.56725222
12,275,0.0,2,1.92,1.422220974,28.98235688,20,0.671053025,137.589784,18.06077452,132,0.079906165,13.98742031
12,276,0.0,2,1.92,1.486054078,26.63742261,20,0.7231383,141.4838568,17.02455256,120,0.09707311,13.98194029
12,277,0.0,2,1.92,0.763710615,20.40151437,21,0.434550097,120.0549665,10.56647228,100,0.085123332,13.02078554
12,290,45.85,2,1.92,0.998984775,20.06563742,19,0.36629247,123.6392498,13.15079339,106,0.087560234,14.82055006
12,291,45.85,2,1.92,0.680920491,14.23544989,18,0.302819374,111.4296277,10.40848413,87,0.085175634,14.66871745
12,292,45.85,2,1.92,0.645187538,14.87244312,20,0.251012611,113.7234136,8.966690002,83,0.091859277,14.36231674
10,296,27.86,2,2.05,0.740541525,21.66841339,19,0.409878449,113.6550941,14.17958986,117,0.062208982,13.24038441
10,298,27.86,2,2.05,0.394401084,16.60385678,21,0.145611837,96.83484136,8.488295482,98,0.056023945,13.0225553
10,299,27.86,2,2.05,0.41635554,17.7029215,20,0.177123024,100.0921755,9.689302296,103,0.056706705,13.02077385
11,300,29.46,2,2.29,0.464841999,21.16257847,19,0.253562085,98.6408243,14.24937623,130,0.040353292,12.85037371
11,302,29.46,2,2.29,0.430415706,17.15118324,20,0.205317294,102.2869699,9.799839505,98,0.061440055,13.01188223
11,303,29.46,2,2.29,1.200093894,21.42607851,19,0.547249539,128.0233179,13.57499763,103,0.091876573,13.5240095
12,305,28.31,2,1.92,0.506202861,20.04971565,19,0.197944646,90.81228077,12.45273605,132,0.034664704,12.96324341
12,306,28.31,2,1.92,1.482141407,25.23030979,20,0.62565131,133.1910874,15.9671827,117,0.086085988,14.06325346
12,307,28.31,2,1.92,0.557262246,20.3523744,20,0.253144919,100.9974091,11.75560437,119,0.048972717,13.31890651
10,312,12.44,2,2.05,1.577973709,24.63212444,19,0.664617226,139.5923748,16.30774564,111,0.100912587,13.83560585
10,313,12.44,2,2.05,0.516850946,19.84564046,19,0.29512117,101.2412109,12.22373375,117,0.049575926,13.16196567
10,314,12.44,2,2.05,1.241130013,22.78868941,20,0.513738713,128.1848095,13.20011687,107,0.089026674,13.83013699
10,315,12.44,2,2.05,1.645982428,25.78199223,20,0.585698752,140.4693479,15.43802094,112,0.101303456,14.13418613
11,316,13.59,2,2.29,1.19895339,20.2741812,19,0.518344669,124.4021445,13.61497212,102,0.087483587,13.71313309
11,317,13.59,2,2.29,0.378103216,17.71543962,18,0.180543646,88.81881776,11.28767844,120,0.037519037,12.93162274
11,318,13.59,2,2.29,1.48720463,23.73635742,20,0.551439547,136.5147082,15.06278958,108,0.099858362,14.05111093
11,319,13.59,2,2.29,1.748969341,27.17114181,20,0.630678491,145.9495177,17.46339148,116,0.104325025,14.16593497
12,320,14.31,2,1.92,1.792856578,31.8150637,19,0.821714105,144.0091079,22.41914039,141,0.076042567,14.01660319
12,321,14.31,2,1.92,0.799176741,23.52193384,19,0.384105172,108.2202049,15.65056208,135,0.047266951,13.6103936
12,322,14.31,2,1.92,1.893548055,28.9784688,20,0.682998165,148.816486,19.06289674,122,0.101139517,14.27111249
12,323,14.31,2,1.92,2.053119007,32.66206099,20,0.767090143,148.4399514,21.34232884,138,0.084285451,14.29748447
10,328,5.25,2,2.05,1.871187193,25.37692238,20,0.720949626,145.5988321,15.43903499,107,0.11470225,13.64179989
10,329,5.25,2,2.05,1.023760282,21.1398544,20,0.516490943,123.5254106,12.82179117,104,0.084971143,13.27887808
10,330,5.25,2,2.05,1.87113864,26.12402497,21,0.576566225,155.4810666,15.12941751,103,0.138246228,13.93485599
10,331,5.25,2,2.05,2.041489681,28.31028156,21,0.56223969,157.1909279,16.29135434,110,0.130896305,14.06673895
11,332,4.3,2,2.29,1.63891994,25.05114377,20,0.676949747,138.1647463,15.97492074,112,0.097193212,13.85809411
11,333,4.3,2,2.29,0.584498133,20.28666848,19,0.341399922,107.7606027,12.78483982,113,0.057971284,12.88715253
11,334,4.3,2,2.29,2.020011044,26.81682487,20,0.63569419,158.0199298,16.28726037,105,0.138957977,13.88559387
11,335,4.3,2,2.29,2.209306277,28.51285293,20,0.660685943,158.1998764,17.70684105,112,0.128793174,13.92412105
12,337,7.87,2,1.92,1.355132897,25.7639301,19,0.697038839,130.0114597,16.44913481,122,0.077275941,13.65905041
12,338,7.87,2,1.92,2.255259935,30.93206566,21,0.628620645,158.6486169,19.1068175,121,0.117329347,14.22572732
12,339,7.87,2,1.92,2.431141698,33.533337,20,0.686687373,157.391761,20.82620248,132,0.101468594,14.35334475
10,344,36.1,2,2.05,0.575781207,21.03954701,19,0.307274116,98.99380182,13.76608042,129,0.041730643,13.21719558
10,345,36.1,2,2.05,0.713626482,21.20949516,19,0.392249484,107.7458745,13.87118836,120,0.05405708,13.42225946
10,347,36.1,2,2.05,1.142135061,19.90417384,20,0.450944729,130.097457,11.33112638,92,0.107100604,13.90706319
10,348,36.1,2,2.05,1.456868648,23.62428158,21,0.497832148,134.850865,13.25095327,104,0.100928886,14.13324445
11,349,32.6,2,2.29,0.471083422,18.34997244,18,0.235630231,96.84956952,12.30784414,115,0.045854506,13.10644758
11,351,32.6,2,2.29,1.739468364,24.63171768,19,0.645978788,146.5820313,16.66088243,106,0.116502278,14.09314938
11,352,32.6,2,2.29,1.41504082,23.45389862,21,0.529403541,135.8824936,13.327822,103,0.103651285,13.93448713
12,353,33.39,2,1.92,1.156985332,28.020636,19,0.730395531,125.8885922,19.7459901,140,0.058505318,13.85530032
12,355,33.39,2,1.92,1.557912406,23.33061565,20,0.513763479,142.6919244,14.1942914,101,0.118130938,14.34799318
12,356,33.39,2,1.92,1.048416163,17.21618699,23,0.260973729,141.9714605,7.539949761,69,0.161856012,14.46165369
14,361,17.5,1,2.07,1.039032389,21.0158596,17,0.410572317,146.0076531,17.51380842,102,0.125801119,15.03795286
14,365,17.5,1,2.07,1.376290629,27.66222205,18,0.461971589,155.7442004,20.37160308,118,0.118638146,15.06899343
14,366,17.5,1,2.07,1.334224954,26.68830635,19,0.433860611,155.0738002,19.22341621,114,0.123481527,15.07544812
14,367,17.5,1,2.07,1.366073563,27.24664439,19,0.440250156,156.7840003,19.62278995,115,0.124696602,15.0624683
14,368,17.5,1,2.07,1.264791676,24.72431704,18,0.449351171,153.7641303,18.89011782,109,0.128308685,15.08847207
14,369,17.5,1,2.07,1.237226412,25.58536555,18,0.458487458,155.4167929,19.24449632,111,0.128392387,15.09750959
14,370,17.5,1,2.07,1.235162042,23.68409991,17,0.456196733,154.9997808,19.10373646,106,0.134938694,15.09917709
14,371,17.5,1,2.07,1.1206067,22.4756569,18,0.404876108,149.0135124,16.8123517,102,0.130177229,15.14388748
16,383,19.2,1,2.66,0.762018593,14.69067349,16,0.327724352,144.4103157,12.95625729,74,0.161054755,15.12142395
16,384,19.2,1,2.66,0.868111364,16.10024854,17,0.345932956,150.9365234,13.87099681,77,0.171827467,15.1108881
16,385,19.2,1,2.66,0.864043118,15.81096251,17,0.333370452,149.0969188,13.40902856,76,0.168997907,15.10376201
16,386,19.2,1,2.66,0.745199553,14.78791122,17,0.311212621,143.8310547,12.32846688,73,0.161059875,15.04586279
16,387,19.2,1,2.66,1.011880556,18.18638986,17,0.380946298,156.0117188,15.34230949,83,0.173089551,15.10390001
16,388,19.2,1,2.66,0.882524424,17.00596791,17,0.365518792,152.6520647,14.43467685,80,0.171098823,15.15140719
16,389,19.2,1,2.66,0.897748636,16.97828779,17,0.358960454,150.956832,14.29122935,80,0.166429578,15.17402711
16,390,19.2,1,2.66,0.958734773,17.39402104,17,0.363673279,154.8756178,14.64181118,80,0.175632265,15.14744866
16,391,19.2,1,2.66,0.964890789,17.6652935,17,0.367911745,152.9553372,14.6176141,82,0.168414668,15.05024922
16,392,19.2,1,2.66,0.928153754,17.04667114,17,0.380081849,151.1295241,14.56431285,81,0.165706763,15.10506152
16,393,19.2,1,2.66,0.921651371,17.15913004,17,0.364618438,153.9994021,14.37937753,79,0.174866743,15.12986211
16,394,19.2,1,2.66,1.097268713,20.76511422,18,0.373490511,154.2150231,15.38163561,91,0.156013237,15.12834198
16,395,19.2,1,2.66,1.071039284,20.5497832,18,0.374010844,153.4961137,15.35954157,91,0.154885719,15.10565967
17,396,13.3,1,1.59,1.456028156,18.64322746,19,0.509478457,151.1424785,12.75872191,80,0.164924659,14.15202318
17,397,13.3,1,1.59,1.565744486,20.66157086,19,0.504739768,154.5349769,14.26506775,86,0.161133426,14.17341446
17,398,13.3,1,1.59,0.820582194,16.45219346,18,0.320483622,141.8366749,12.36743903,79,0.147879279,15.12378766
17,399,13.3,1,1.59,0.786486999,16.40885684,18,0.283538016,139.14774,11.58003742,80,0.142923183,15.0999262
17,400,13.3,1,1.59,0.748757054,15.48732738,18,0.280314236,139.3573422,11.19195827,76,0.148609658,15.11283134
17,401,13.3,1,1.59,0.678296927,13.72359764,17,0.286869757,139.865633,11.20270069,70,0.15758083,15.11871624
18,402,13.6,1,1.27,1.262172776,21.36945991,19,0.402226935,152.5811942,14.42775104,90,0.151757948,14.9013951
18,403,13.6,1,1.27,1.291392086,23.37612322,19,0.402617487,157.0696349,15.6816852,95,0.152276091,15.04076916
18,404,13.6,1,1.27,1.435464819,23.77066835,19,0.45328781,156.1298828,16.17754705,98,0.146385956,14.85794755
18,405,13.6,1,1.27,1.512423448,21.14497362,19,0.479521869,153.462771,14.20672217,88,0.156023275,14.39744708
18,406,13.6,1,1.27,1.59140236,21.12044311,19,0.476662572,155.4587851,14.29816965,87,0.161792023,14.33912048
18,407,13.6,1,1.27,0.989217491,19.47933525,19,0.332018681,149.0393814,13.76045011,87,0.151589217,15.08001641
18,408,13.6,1,1.27,1.016796845,20.23995702,19,0.34276114,148.2289939,14.15792236,90,0.144818658,15.18032621
18,409,13.6,1,1.27,1.040482893,21.02545238,19,0.360561569,147.7885244,15.06238605,95,0.137635983,15.14242871
18,410,13.6,1,1.27,1.063066918,18.79222899,19,0.366069629,145.2157605,13.47004207,85,0.144366472,15.04201379
18,411,13.6,1,1.27,1.050304698,19.29500885,19,0.379747326,148.3921596,13.79501163,86,0.150365819,15.05949884
18,412,13.6,1,1.27,1.109690562,20.93215119,19,0.358627886,153.3855827,14.32201918,89,0.156329281,15.09361429
18,413,13.6,1,1.27,1.046712481,20.61790132,19,0.352176314,151.3532167,14.62132352,90,0.150730494,15.14473696
18,414,13.6,1,1.27,1.025876019,20.45589459,19,0.346255277,149.9690091,14.38708776,90,0.148165094,15.15337908
18,415,13.6,1,1.27,1.005928474,20.39695006,19,0.329336906,152.8766342,13.58744699,86,0.159591703,15.11409652
19,416,19.4,2,2.51,0.926818701,17.12859475,17,0.356736754,156.885523,14.28304648,77,0.184728441,15.00164826
19,417,19.4,2,2.51,0.799875947,15.65929487,17,0.311967265,149.3391661,12.66110252,73,0.173165196,15.10088982
19,418,19.4,2,2.51,0.7823793,15.42316692,17,0.317031217,148.7902384,12.7038021,73,0.172346111,15.11888738
19,419,19.4,2,2.51,0.918880783,18.08727221,18,0.321621785,150.7627152,13.1502687,80,0.164866087,15.07827949
19,420,19.4,2,2.51,0.898362932,17.7117501,18,0.322064198,151.7302097,13.26748063,79,0.169145668,15.07280825
19,421,19.4,2,2.51,0.793090204,15.70441398,17,0.326873465,144.8659319,12.95198551,76,0.158041371,14.99793485
19,422,19.4,2,2.51,0.915463058,17.58313705,17,0.382447185,154.0856784,15.26592395,81,0.170047371,15.11727853
19,423,19.4,2,2.51,0.886945866,17.22537306,17,0.367383765,153.6492148,14.63347065,79,0.172538145,15.12414
19,424,19.4,2,2.51,0.889255997,17.32238408,17,0.359472661,150.8523796,14.1457025,80,0.165078189,15.14886886
19,425,19.4,2,2.51,1.072481587,21.48667608,18,0.393790359,158.7376834,16.51424788,91,0.162660097,15.15616844
19,426,19.4,2,2.51,1.11073297,20.60571982,18,0.407360731,153.8251156,16.05483979,91,0.153360603,15.01219565
20,427,18.6,2,2.77,0.974345693,18.36593148,18,0.342642239,149.9700056,13.60275552,83,0.159655881,15.02764444
20,428,18.6,2,2.77,1.128894731,21.42942909,19,0.371420203,152.948282,15.34780184,94,0.149615195,15.13966496
20,429,18.6,2,2.77,1.167044601,22.80090964,19,0.36525404,153.693758,15.05847847,97,0.146966143,15.11267487
20,430,18.6,2,2.77,1.250361021,23.27538335,19,0.419546908,155.2169962,16.47613523,100,0.144925814,15.03102881
20,431,18.6,2,2.77,1.153492155,21.27927207,19,0.382447014,151.0950454,14.86762312,93,0.146453542,15.04788355
20,432,18.6,2,2.77,1.019125444,19.17892014,18,0.383078755,152.0535914,15.12812315,87,0.157251407,15.06881751
20,433,18.6,2,2.77,0.962596442,18.6351263,18,0.361373283,150.4654616,14.59127864,86,0.1566433,15.05026624
20,434,18.6,2,2.77,0.89355557,17.46938446,18,0.334222666,145.957968,13.5445108,83,0.151752961,15.07608052
20,435,18.6,2,2.77,0.911578013,17.70048023,17,0.354370807,147.584383,14.21938704,84,0.153326623,15.0678955
20,436,18.6,2,2.77,0.962919746,18.30882363,17,0.365260728,149.6299426,14.59735496,85,0.155537148,15.04157843
14,437,0.0,1,2.07,1.403742978,23.96403198,18,0.795243419,138.6828563,18.634293,116,0.095530052,13.11459377
14,440,0.0,1,2.07,1.511491815,26.12364855,19,0.778530179,143.8972218,17.70219348,117,0.102492272,13.9629333
14,441,0.0,1,2.07,1.616524258,26.9666474,19,0.704238091,148.4739716,18.30852166,117,0.108782537,14.08672504
14,443,0.0,1,2.07,1.130909466,23.68245189,18,0.70500706,135.3556282,17.82418569,116,0.091046572,13.08120743
14,444,0.0,1,2.07,1.564841107,26.58204372,19,0.736978513,146.9095783,18.08504572,117,0.106971505,14.0754871
16,451,0.0,1,2.66,0.794431118,21.69915881,19,0.399941366,115.7389987,14.43176121,118,0.065282697,13.26806789
16,452,0.0,1,2.66,0.969265625,18.30101213,18,0.554174346,124.6813815,13.11858888,96,0.095188296,12.90807889
16,453,0.0,1,2.66,1.074432416,19.85023501,20,0.505520203,127.1084582,12.18197421,97,0.098129247,13.57508341
16,454,0.0,1,2.66,1.646734053,25.10780605,19,0.703493481,146.6281091,16.88667646,110,0.114352938,13.99975839
16,455,0.0,1,2.66,1.139855934,20.06978936,19,0.525687505,127.5383251,12.89829419,99,0.096613604,13.64804026
16,456,0.0,1,2.66,1.094828195,20.03184629,20,0.536202124,128.7620177,12.46105365,97,0.10060079,13.48085166
17,457,0.0,1,1.59,1.193118934,26.0922042,19,0.965026242,132.685806,17.52320332,123,0.079379334,12.95931481
17,458,0.0,1,1.59,1.584556704,23.96922804,19,0.92420925,139.3192961,16.90410423,110,0.100982427,12.53816181
17,459,0.0,1,1.59,1.279581995,23.86956018,20,0.711149731,131.5745775,14.09628264,110,0.090919008,12.95464084
17,460,0.0,1,1.59,1.580224471,25.38813329,20,0.856354349,136.0941885,15.33954311,114,0.093125975,13.10571944
17,461,0.0,1,1.59,1.292882429,25.42091463,20,0.74849914,130.3145528,15.08321526,118,0.081640485,13.13228622
17,462,0.0,1,1.59,1.570111162,24.56707119,20,0.795432096,135.2559391,15.29215544,111,0.093934801,13.05303652
18,463,0.0,1,1.27,1.171015901,26.70166722,19,0.871459398,131.5207071,17.75694205,127,0.075053788,13.12992664
18,464,0.0,1,1.27,1.475372527,23.80597898,19,0.806238706,138.1099729,16.38187904,110,0.100033073,12.77252975
18,465,0.0,1,1.27,1.773571804,25.91702624,20,0.729234434,145.0359136,16.30675591,112,0.109247619,13.86778046
18,466,0.0,1,1.27,1.714691619,25.50108007,20,0.744329267,142.3948701,15.61336454,111,0.106203818,13.67738596
18,467,0.0,1,1.27,1.53827338,25.45229909,19,0.742368259,139.1293447,16.81589673,116,0.096092581,13.77974099
18,468,0.0,1,1.27,1.878444506,25.88754051,20,0.750063726,146.2216199,16.8448634,112,0.110792402,13.80485698
19,469,0.0,2,2.51,0.741988291,23.06926216,19,0.523750282,120.8545918,15.72786051,119,0.068600685,12.56526555
19,471,0.0,2,2.51,1.444442587,23.13773772,19,0.678412816,132.2107781,14.77925119,108,0.092904003,13.12275995
19,472,0.0,2,2.51,1.471969794,22.85023616,19,0.491663689,138.1796091,14.74238397,103,0.107393265,14.35906911
19,473,0.0,2,2.51,1.079259766,21.37142158,19,0.663489246,129.3668288,13.63303064,102,0.094832363,12.84421184
20,474,0.0,2,2.77,0.760217814,26.85247284,19,0.830914299,125.9286312,18.11066826,133,0.064002388,12.50150067
20,476,0.0,2,2.77,1.33281193,26.10848218,20,0.888219066,132.9404695,16.03183028,120,0.082934624,12.96195863
20,477,0.0,2,2.77,1.507369566,25.89151166,20,0.92510112,136.4569515,16.42736037,117,0.089913746,13.00572529
20,478,0.0,2,2.77,0.58222252,21.42771834,19,0.421931466,117.799147,13.28054817,111,0.07194809,12.42488099
20,479,0.0,2,2.77,0.727646137,22.03038968,19,0.521914623,123.4746492,13.80885718,109,0.080176498,12.4393705
14,480,77.01,1,2.05,0.786887359,16.71129621,17,0.371627925,110.0531928,13.96582904,104,0.068051454,14.35761471
14,481,77.01,1,2.05,1.043295086,19.23392464,16,0.535278523,130.5761918,18.11234057,107,0.093438917,14.74588728
14,482,77.01,1,2.05,0.703155113,14.56239124,17,0.340413442,113.4495775,11.2888535,86,0.086383293,14.11889879
14,483,77.01,1,2.05,0.805288006,15.43160415,17,0.375943893,118.0662468,12.14681079,88,0.091701514,14.37768858
14,484,77.01,1,2.05,0.748745182,14.5671027,17,0.338988333,115.6459463,11.45139348,85,0.09070847,14.25908234
14,485,77.01,1,2.05,0.865775036,15.82344023,17,0.379505095,119.9202607,12.34157658,89,0.094128756,14.29137062
16,494,65.56,1,2.66,0.312120576,9.104014904,20,0.12995516,94.66230867,4.894029797,58,0.078448069,13.64550284
16,495,65.56,1,2.66,0.746220324,12.94855456,18,0.321074135,125.5523956,9.199675428,68,0.126554669,14.47158852
16,496,65.56,1,2.66,0.370121863,9.663615892,20,0.15167536,96.38585058,5.699832635,61,0.078378032,13.82241934
16,497,65.56,1,2.66,0.486188823,9.485814101,19,0.203559601,110.419603,5.924746236,53,0.1101125,14.12579995
17,498,51.52,1,1.59,0.557993007,16.3511597,17,0.264620367,93.47620376,12.23927614,113,0.04483198,13.71769612
17,499,51.52,1,1.59,0.785475461,18.10977457,17,0.416580606,113.2690305,14.02944803,105,0.07039618,13.98149676
17,501,51.52,1,1.59,0.775995703,15.81758632,19,0.338456186,113.944595,10.39153287,86,0.085977996,14.04346022
17,502,51.52,1,1.59,0.740744608,15.97050002,19,0.324103296,112.544304,10.26198506,88,0.082922938,13.99333461
18,503,60.16,1,1.27,0.582259534,17.17186378,17,0.293398926,95.5516183,13.0357014,116,0.045042025,13.62513022
18,504,60.16,1,1.27,0.814612656,18.11331953,17,0.479853115,116.333526,15.07474824,105,0.074037165,13.82143603
18,505,60.16,1,1.27,0.622500163,14.95264292,18,0.31514843,106.3137755,10.40346326,89,0.072911909,13.74254047
18,506,60.16,1,1.27,0.69258214,15.0736573,18,0.325177574,108.3737046,10.46604214,88,0.07647353,13.76524514
18,507,60.16,1,1.27,1.131384152,18.84366238,18,0.525802182,127.8647959,14.03403831,96,0.098370654,14.24913269
18,508,60.16,1,1.27,0.677667634,15.10167273,18,0.314367553,109.1168088,10.5612407,88,0.077658647,13.81598479
19,509,21.1,2,2.51,0.693843624,18.71413343,17,0.348537076,100.467614,13.91269227,121,0.047909096,13.66991441
19,510,21.1,2,2.51,1.028983572,20.46912215,17,0.518302534,123.5454401,16.11057854,111,0.079675247,13.96572702
19,511,21.1,2,2.51,0.755594725,16.94161071,19,0.328219773,108.8990553,11.21521562,98,0.070987888,13.76626211
19,512,21.1,2,2.51,0.940889142,17.87574503,19,0.398000688,117.6274115,12.16171935,97,0.083605802,13.95139824
19,513,21.1,2,2.51,0.973658092,18.77349891,18,0.430196365,119.6439134,13.08682156,101,0.083108606,14.00555487
19,514,21.1,2,2.51,0.990421419,19.22191592,19,0.443049058,121.3300582,13.15192756,101,0.085166733,14.06717126
20,515,50.91,2,2.77,0.475094026,16.77074645,17,0.210210338,87.62143256,12.16473347,121,0.036285531,13.25573079
20,516,50.91,2,2.77,0.731634892,19.12176066,17,0.464948896,113.2388471,14.43157088,109,0.067046412,13.63733641
20,518,50.91,2,2.77,0.510630913,14.85707424,19,0.248678561,105.2289142,9.293247787,87,0.073532287,13.48174525
20,519,50.91,2,2.77,0.740631223,17.22108709,19,0.360772946,111.8339246,10.9383041,95,0.076504037,13.73643493
20,520,50.91,2,2.77,0.434840547,13.70159494,19,0.204574149,101.0637556,8.59573978,83,0.07008587,13.26754787
20,521,50.91,2,2.77,0.818480815,16.58741207,19,0.396144405,116.8909837,10.83938477,89,0.088920967,13.76730413
14,522,61.42,1,2.07,1.041917205,20.36598306,16,0.643982884,116.4559152,17.66658165,117,0.063723314,14.03725143
14,523,61.42,1,2.07,1.612643925,22.07144472,16,0.752495968,140.1772561,19.7527782,108,0.10220194,14.3509491
14,524,61.42,1,2.07,1.399946587,20.67416451,18,0.62665543,132.0726642,16.12290004,102,0.096995331,14.24012235
14,525,61.42,1,2.07,1.528194973,21.33307647,18,0.648200626,131.2432039,16.54405807,105,0.092175588,14.32050134
14,526,61.42,1,2.07,1.604541575,22.92884312,17,0.655741577,135.4620735,18.42930038,111,0.0921735,14.32078474
14,527,61.42,1,2.07,1.422930809,20.2068468,17,0.640419029,128.4497967,16.36100661,103,0.089959405,14.34118223
16,534,60.57,1,2.66,0.505502841,11.32851402,17,0.24906988,97.28310348,8.446342532,76,0.069231844,14.11256642
16,535,60.57,1,2.66,0.647659004,11.94652562,17,0.346666588,116.4238879,10.11391919,71,0.104216973,14.33885958
16,536,60.57,1,2.66,0.631129204,11.89739382,19,0.277351949,112.797732,7.751549979,67,0.102395864,14.26709337
16,537,60.57,1,2.66,0.632418953,11.75936731,19,0.278864363,113.1430963,7.742975923,66,0.103695492,14.27005708
16,538,60.57,1,2.66,0.653017782,12.83177174,19,0.315432112,115.0535116,8.549476901,71,0.102439282,14.28911021
16,539,60.57,1,2.66,0.506669975,10.78268198,20,0.211699562,104.3928173,6.529925583,63,0.09002064,14.04180118
17,540,45.07,1,1.59,0.571504895,16.39273427,17,0.291736337,95.93277663,12.43510136,110,0.048045019,13.6754601
17,541,45.07,1,1.59,0.996643734,19.14301444,17,0.553418387,122.5668447,14.40806579,102,0.085103377,14.01560061
17,542,45.07,1,1.59,0.476718632,15.25456969,19,0.228446703,96.07521524,9.617931322,96,0.055563474,13.55133778
17,543,45.07,1,1.59,0.948137742,17.66238136,19,0.430384845,116.1926419,11.68589997,94,0.08235174,14.06799287
17,544,45.07,1,1.59,0.942222802,17.87235539,19,0.432480239,113.7790179,12.07571972,98,0.076079301,14.11845066
17,545,45.07,1,1.59,0.48819848,15.25445233,18,0.236182269,96.34146781,9.83849339,96,0.05558585,13.5887522
18,546,55.97,1,1.27,0.893754846,17.57672424,17,0.410834511,112.7204241,13.62089464,102,0.071547419,14.1501045
18,547,55.97,1,1.27,1.065423098,19.49785145,17,0.57001992,132.0884675,15.65407246,100,0.10189436,14.42554625
18,548,55.97,1,1.27,0.980665609,17.59137539,19,0.429030873,121.0031091,11.94353283,92,0.092133491,14.17759783
18,549,55.97,1,1.27,0.942697834,17.42522803,19,0.417152511,116.4660196,11.97888641,95,0.082904872,14.05809192
18,550,55.97,1,1.27,1.091191447,18.19975498,19,0.467505559,121.759646,12.43961414,95,0.09074293,14.18831229
19,551,4.44,2,2.51,1.057110784,19.65440678,19,0.545115991,119.8338249,13.82060593,104,0.079425237,13.74394435
19,552,4.44,2,2.51,1.908918464,23.65240858,18,0.690371871,157.9110132,17.89257058,100,0.146645473,13.98093162
19,553,4.44,2,2.51,1.22878233,19.62098813,20,0.50720195,130.5284399,12.1773829,93,0.106806429,13.93013072
19,554,4.44,2,2.51,1.033953826,18.93439563,20,0.481047983,124.218471,11.61046769,93,0.095951698,13.73599116
19,555,4.44,2,2.51,1.343822452,20.31826568,19,0.5298217,134.4518893,13.02280403,94,0.111597972,14.05447171
19,556,4.44,2,2.51,1.393413589,20.84757548,19,0.493921895,137.8260922,13.47603886,94,0.116816864,14.24464755
19,557,4.44,2,2.51,1.073735901,19.0387201,20,0.503188714,125.1302415,11.86731925,94,0.097021556,13.78298589
20,558,42.7,2,2.77,0.459827308,17.51933018,17,0.19742543,88.83266901,12.46497248,123,0.036202499,13.10757508
20,559,42.7,2,2.77,0.980350196,19.34207974,17,0.533668516,120.5644631,14.80145189,106,0.079611266,14.24719017
20,560,42.7,2,2.77,0.51619337,17.27488059,19,0.265026712,101.649992,11.36384238,105,0.057100713,13.35193474
20,561,42.7,2,2.77,0.783571622,18.65992254,19,0.407419772,111.6801459,12.46474089,104,0.069251825,13.61481813
20,562,42.7,2,2.77,0.877278397,19.27368333,19,0.452397862,114.6621293,12.98579105,105,0.072187362,13.7666251
20,563,42.7,2,2.77,0.643622865,18.08681555,19,0.337098753,105.0380461,12.02999784,107,0.059724779,13.53509809
20,564,42.7,2,2.77,0.595696021,17.95948446,19,0.293878489,102.1440131,11.90060295,109,0.055448397,13.49670974
14,566,33.5,1,2.05,1.438612738,18.04807205,16,0.734240338,137.1435547,15.72812302,91,0.118813151,13.73570349
14,567,33.5,1,2.05,1.155272656,19.1056618,17,0.660438601,120.4296875,14.46651916,101,0.08071474,13.68194679
14,568,33.5,1,2.05,1.334305447,20.47483361,18,0.712360686,123.993463,15.70529981,105,0.08141763,13.82700731
14,569,33.5,1,2.05,1.114417614,19.6973132,17,0.690990023,117.7638911,15.16945031,107,0.072483641,13.76782095
16,579,37.0,1,2.66,0.208464859,10.46716549,21,0.082629161,88.61533402,5.323131414,67,0.062358967,12.73942226
16,580,37.0,1,2.66,0.379633713,11.91123658,20,0.177786148,97.49137038,6.793211482,72,0.071934233,13.26790909
16,581,37.0,1,2.66,0.426330259,11.90764735,19,0.207517565,99.17546237,7.099395461,72,0.074507293,13.33874587
16,582,37.0,1,2.66,0.418601754,11.5767574,20,0.188435208,98.50544085,6.828952571,70,0.074704564,13.34276661
16,583,37.0,1,2.66,0.343333452,11.55823225,20,0.158356241,95.54729353,6.660360739,71,0.069425253,13.23616069
17,584,23.77,1,1.59,0.497515669,14.47190312,17,0.252752637,97.0866749,11.25490977,97,0.055851567,13.48877533
17,585,23.77,1,1.59,0.919973414,15.35706072,17,0.475179741,128.3560866,12.11403697,82,0.116303234,13.94527218
17,586,23.77,1,1.59,0.713313738,16.73689918,18,0.342936899,107.9251036,11.28142285,97,0.069542554,13.82784538
17,587,23.77,1,1.59,1.029169461,18.34248611,19,0.465961239,120.1417012,12.41451002,96,0.086925631,14.01867291
17,588,23.77,1,1.59,0.909671549,18.3447602,19,0.432566352,115.1051499,12.43795822,100,0.076627585,14.01784276
17,589,23.77,1,1.59,0.784139447,17.49294978,19,0.362496229,109.3288425,11.74568834,99,0.069293635,13.90260917
18,590,26.02,1,1.27,0.365163994,15.74693872,17,0.170807222,96.77387596,11.62484796,103,0.052002987,12.76459053
18,591,26.02,1,1.27,1.110734423,16.31378815,17,0.671119918,128.425582,12.7262635,85,0.111429414,13.26084077
18,592,26.02,1,1.27,0.481988281,17.14571811,19,0.279362614,107.435806,11.3107034,98,0.067567344,13.01437455
18,593,26.02,1,1.27,0.850184821,19.6734065,19,0.528447124,116.2437022,13.47122183,105,0.073143191,13.4618485
18,594,26.02,1,1.27,0.745223599,18.88006692,19,0.450703585,112.4414262,12.90343231,104,0.069215738,13.41285247
18,595,26.02,1,1.27,0.928379312,20.00621952,19,0.545609817,117.6676499,13.69563828,105,0.074523977,13.54305175
18,596,26.02,1,1.27,0.931934987,19.05641703,18,0.541464156,117.1219308,13.28714967,102,0.076841883,13.63048066
19,597,1.66,2,2.51,0.715128032,16.54818031,18,0.370450382,112.3361169,11.59066026,93,0.077849107,13.39559369
19,598,1.66,2,2.51,1.761454206,19.17418859,18,0.67636426,153.1445512,14.33086576,84,0.163249666,13.73972178
19,599,1.66,2,2.51,0.875202107,17.3666363,20,0.420264069,119.6488361,10.60771012,88,0.093163315,13.47900394
19,600,1.66,2,2.51,1.032859335,18.4759987,20,0.505321586,123.4975686,11.52679018,92,0.095977719,13.73495073
19,601,1.66,2,2.51,1.28686145,19.08547141,19,0.540014538,129.8692801,12.30295985,91,0.106694781,13.80314168
19,602,1.66,2,2.51,1.240855159,18.59947127,19,0.543562953,129.3989955,11.86035666,89,0.108392881,13.74430161
20,603,25.73,2,2.77,0.481370368,15.59914879,17,0.249958247,94.15473533,12.02339044,107,0.047598896,13.36586265
20,604,25.73,2,2.77,0.818642706,15.7616069,17,0.425138302,121.1790099,12.17474182,88,0.097574952,13.69865897
20,605,25.73,2,2.77,0.468070223,15.70189551,18,0.230711566,97.63075973,10.2608284,100,0.055946242,13.22809957
20,606,25.73,2,2.77,0.669911274,17.46461595,18,0.326615253,105.2579919,11.9345268,104,0.061701097,13.58342671
20,607,25.73,2,2.77,0.670183594,17.75144532,18,0.321534187,104.6881776,12.02677761,106,0.059895304,13.61866399
20,608,25.73,2,2.77,0.602921013,16.79808945,18,0.27902716,101.6793686,11.33241463,103,0.058259415,13.48521105
20,609,25.73,2,2.77,0.725607744,18.0010798,18,0.353194518,108.204839,12.36081867,105,0.064779382,13.67117346
20,610,25.73,2,2.77,0.675490662,17.63683595,18,0.327153543,104.5998884,11.97558652,106,0.060100944,13.62888667
14,611,0.18,1,2.07,1.490099714,20.60074068,17,0.734668389,133.5915976,16.5819024,101,0.099529386,13.86688514
14,612,0.18,1,2.07,1.831745948,23.47447998,17,0.595230713,170.4366032,19.44268223,96,0.180032297,14.25687893
14,613,0.18,1,2.07,1.5278816,23.89330208,19,0.579312773,137.2434829,16.79780882,110,0.0968395,14.36670549
14,614,0.18,1,2.07,1.655720927,25.44308418,19,0.588150054,143.1385124,17.85492835,113,0.102607813,14.47028036
14,615,0.18,1,2.07,1.603296273,25.64618801,19,0.601551722,142.426997,17.90342195,114,0.100235497,14.46265551
14,616,0.18,1,2.07,1.614252541,23.77458427,19,0.588252339,140.4872848,16.74044879,107,0.104682297,14.28055115
16,625,1.65,1,2.66,1.0810561,15.52890722,18,0.479758809,121.3474171,11.49622886,82,0.100461532,13.5995005
16,626,1.65,1,2.66,1.509762452,17.65723432,17,0.522905418,157.4114716,13.89972073,76,0.185356595,13.91239872
16,627,1.65,1,2.66,1.212592589,17.24388453,20,0.476730705,125.0807956,10.97189318,84,0.105026955,13.80571443
16,628,1.65,1,2.66,1.388369029,18.74760154,19,0.473292786,137.5131138,12.02224715,84,0.127888805,14.11035166
16,629,1.65,1,2.66,1.414837395,19.79709389,19,0.452233744,140.7334184,12.81749507,87,0.130079688,14.21824278
17,630,1.41,1,1.59,1.143840678,18.57240726,18,0.567066178,124.0954241,13.27638196,96,0.092681522,13.75736607
17,631,1.41,1,1.59,1.736668191,22.35249204,18,0.591598708,161.8573621,16.39160322,93,0.16873128,14.15989714
17,632,1.41,1,1.59,1.141540938,20.31446273,20,0.475916743,127.6969069,12.4666832,97,0.09727617,14.03677814
17,633,1.41,1,1.59,1.417835607,21.74872747,20,0.492717596,138.5627392,13.62479018,97,0.115055078,14.20969431
17,634,1.41,1,1.59,1.472794541,22.99201012,20,0.485766416,139.6425183,14.40629339,102,0.111273334,14.35095321
18,635,1.67,1,1.27,1.548608273,20.0329531,18,0.729947747,129.4834782,14.38375446,98,0.09742076,13.19842727
18,636,1.67,1,1.27,2.048801701,24.00212309,19,0.610530216,163.0525151,17.00720845,97,0.162943281,13.69556112
18,637,1.67,1,1.27,1.618918073,22.29664373,20,0.577152179,134.6222696,13.50354639,101,0.104085927,13.79904295
18,638,1.67,1,1.27,1.840325064,23.86506255,20,0.575839046,146.3429129,14.59833411,100,0.124301124,13.84383065
18,639,1.67,1,1.27,1.896981035,24.02065654,20,0.56925663,144.490354,15.03592066,102,0.117848297,13.93482252
19,640,1.33,2,2.51,0.589973636,15.65684688,18,0.335056023,109.5159239,11.31714121,91,0.075272571,13.11777666
19,641,1.33,2,2.51,1.757767961,17.52055908,17,0.669107544,149.5715681,13.73264269,81,0.161704905,13.59179952
19,642,1.33,2,2.51,1.175168621,18.55171035,20,0.527354451,127.1780533,11.70480599,90,0.10370062,13.78384542
19,643,1.33,2,2.51,1.286393291,19.22152601,19,0.530801476,130.9233099,12.41085386,91,0.108465501,14.03246053
19,644,1.33,2,2.51,1.201873959,18.93851032,19,0.534775714,126.9659798,12.08806728,92,0.100950889,13.86521386
20,645,3.96,2,2.77,0.787470759,19.36756509,18,0.508340609,115.1444117,13.98253505,106,0.070815264,13.27227276
20,646,3.96,2,2.77,1.916654067,21.05269114,18,0.776726003,150.8484534,16.43697808,96,0.141818644,13.65400946
20,647,3.96,2,2.77,1.054965843,20.87604587,19,0.480598563,119.8077567,13.45026906,107,0.076868483,13.68932396
20,648,3.96,2,2.77,1.459931723,22.7831959,19,0.571430483,133.7918527,14.92037362,107,0.097125601,13.99326182
20,649,3.96,2,2.77,1.28452652,22.75495476,19,0.536754568,126.5738999,14.70535823,111,0.082422522,13.85049319
20,650,3.96,2,2.77,1.283760663,22.40286593,19,0.537470263,126.4819037,14.56367283,110,0.083536877,13.85750138
14,651,2.19,1,2.05,1.895623367,24.31432748,17,0.748837767,145.2138672,19.71552898,110,0.106585635,14.03822307
14,652,2.19,1,2.05,2.228292193,29.81739171,18,0.673919369,174.2719428,23.67930544,114,0.150068048,14.2445666
14,653,2.19,1,2.05,1.810932543,24.04542985,19,0.642756887,150.7706473,17.02459969,102,0.128256186,14.07060102
14,654,2.19,1,2.05,1.919704266,26.28681057,19,0.66757971,155.8513433,18.58117727,107,0.128703085,14.10130663
14,655,2.19,1,2.05,1.836314111,25.80394282,19,0.634453515,154.1734295,18.11083575,106,0.127467904,14.18150896
14,656,2.19,1,2.05,1.749280527,22.79248213,19,0.633881921,144.769332,15.99405586,100,0.120343109,14.03184357
16,663,10.69,1,2.66,1.117289908,18.94719574,17,0.654570981,122.6851483,14.41735009,99,0.085888593,13.64574321
16,664,10.69,1,2.66,1.859104707,22.8927718,18,0.580295246,162.8016781,17.99040194,94,0.163864465,14.05927315
16,665,10.69,1,2.66,0.928458485,17.14194066,18,0.503932439,115.5232581,12.26036226,93,0.081125069,13.36400716
16,666,10.69,1,2.66,1.41658713,18.46423993,20,0.538359163,132.5095265,11.75981483,86,0.116783879,13.73047063
16,667,10.69,1,2.66,1.34235007,18.80966192,20,0.55483787,129.4850128,11.82012019,88,0.107999466,13.72963053
16,668,10.69,1,2.66,1.363790641,18.70059256,19,0.547486279,129.470743,12.00729923,89,0.107826758,13.80163898
17,669,3.65,1,1.59,1.371298479,24.29959824,18,0.679435854,128.3915617,17.5164572,119,0.075939263,13.85922053
17,670,3.65,1,1.59,2.119804644,28.11538991,19,0.639465477,170.597437,20.43353273,109,0.156443691,14.14990922
17,671,3.65,1,1.59,1.514823992,21.59007721,19,0.555411448,135.0893654,13.68865325,98,0.107043597,13.77764279
17,672,3.65,1,1.59,1.749316077,23.88318964,19,0.600083026,145.0239158,15.64195725,103,0.118025643,14.10923889
17,673,3.65,1,1.59,1.792384796,24.18928387,19,0.577966007,145.2864517,15.8266088,104,0.11709188,14.14487528
18,674,4.31,1,1.27,1.303391836,24.49161413,19,0.717233708,123.5799386,17.26040785,123,0.067107486,13.56409213
18,676,4.31,1,1.27,1.262079206,20.90202644,20,0.553409246,126.6671915,12.4386007,98,0.09324736,13.40511313
18,677,4.31,1,1.27,1.785612753,22.97645686,20,0.570024429,139.505401,14.11766852,100,0.111759659,13.69551742
18,678,4.31,1,1.27,1.821255436,24.03594965,20,0.575724307,143.4311224,15.32938746,103,0.114400193,13.95579012
19,679,2.77,2,2.51,1.133405419,19.43031015,17,0.643194735,122.4038783,14.88535352,102,0.082891608,13.90444908
19,680,2.77,2,2.51,1.937877722,23.09950757,18,0.640877204,153.4121891,18.09107068,100,0.135846064,14.13913825
19,681,2.77,2,2.51,1.098640744,17.40192392,19,0.496871593,124.6907685,11.2321095,86,0.102892648,13.77324768
19,682,2.77,2,2.51,1.16195022,18.17012579,19,0.524150145,124.0460379,11.72771255,90,0.09765902,13.8611613
19,683,2.77,2,2.51,1.407033613,19.39558357,19,0.553623473,132.0981545,12.94286534,92,0.109269896,14.04045576
20,684,5.18,2,2.77,1.484806482,23.13058819,18,0.667796262,128.7547632,16.99673201,114,0.080858585,14.07194191
20,685,5.18,2,2.77,1.904273524,26.70298834,18,0.668269714,155.1537388,20.3011328,113,0.120794802,14.38789545
20,686,5.18,2,2.77,1.526406867,21.39577599,19,0.570812409,132.4157964,14.23693931,101,0.100090789,13.96340627
20,687,5.18,2,2.77,1.641979838,23.69783459,19,0.585252836,134.6902702,15.8769591,110,0.094006902,14.18431074
20,688,5.18,2,2.77,1.600603024,22.43770365,19,0.5779799,137.0113002,14.98782029,103,0.105398609,14.08244205
20,689,5.18,2,2.77,1.613420242,23.29739827,19,0.605627716,135.0241749,15.56247416,108,0.096713932,14.08990165
14,692,27.75,1,2.05,1.271838786,16.94729588,17,0.475255449,142.3259526,13.47098525,79,0.143654961,14.40526805
14,693,27.75,1,2.05,1.271678084,17.63068807,17,0.530697806,145.3941127,15.29999709,83,0.143792776,14.48996506
14,694,27.75,1,2.05,1.36710463,19.41117319,17,0.566792523,145.9784957,17.05797845,91,0.133066084,14.5954644
16,704,39.13,1,2.66,0.544707584,8.37298231,21,0.181799943,132.1202766,4.34334338,38,0.18415286,14.22150334
17,706,29.25,1,1.59,1.812435322,21.41832992,16,0.909114171,147.082111,19.91458405,103,0.120566782,13.93616217
17,707,29.25,1,1.59,0.80054336,11.60294314,19,0.348360093,123.7516741,7.385106394,59,0.132706632,13.82223509
17,708,29.25,1,1.59,0.848874342,10.94791157,21,0.261904351,138.3143734,6.062831311,48,0.185177768,14.02491349
17,709,29.25,1,1.59,0.892785693,11.48004648,20,0.258023859,141.5779456,6.593727994,50,0.191414434,14.20535832
17,710,29.25,1,1.59,0.72413014,11.48719367,17,0.388425399,119.5885882,8.386246348,62,0.118765803,13.66631313
17,711,29.25,1,1.59,0.836779254,16.07048977,18,0.399789654,116.5357741,11.3057703,87,0.08854282,13.58817794
18,713,29.5,1,1.27,2.149490737,24.00320942,16,0.908737767,151.4447345,21.68208825,110,0.117678303,13.77058413
18,714,29.5,1,1.27,0.78955177,18.25266872,17,0.544797619,115.0269452,14.23372085,102,0.072920257,13.33034448
18,715,29.5,1,1.27,0.981847253,12.80079246,19,0.382768697,132.6726921,8.289616447,60,0.150277807,13.92635849
18,716,29.5,1,1.27,1.068439195,12.75777852,20,0.323064517,139.3312141,7.718591377,56,0.173198858,14.04310675
18,717,29.5,1,1.27,0.96328643,11.91547573,21,0.28520491,140.7761081,6.764300695,51,0.185822287,14.00077358
18,718,29.5,1,1.27,0.828884825,11.03884903,21,0.297299008,127.1402065,6.252151115,52,0.148659414,13.79737478
19,719,21.72,2,2.51,0.490317748,17.19799178,17,0.234512224,92.17711655,12.63384709,119,0.040887241,13.28854909
19,721,21.72,2,2.51,0.755469467,10.92774902,19,0.306656298,128.2566765,6.826244388,54,0.150349008,14.00990099
19,722,21.72,2,2.51,0.834941406,11.35329095,19,0.319563211,134.4405493,7.164200824,54,0.166195495,14.14820452
19,723,21.72,2,2.51,0.637953717,10.12380442,20,0.251832664,124.114497,5.83651363,50,0.145090423,14.07417859
19,724,21.72,2,2.51,0.772011597,11.76111594,19,0.307696106,130.4821429,7.388696362,57,0.1514036,14.26156898
20,725,27.98,2,2.77,0.422304867,17.50516516,17,0.189997019,87.86306202,12.58136497,124,0.034852932,13.03618983
20,726,27.98,2,2.77,1.616688306,20.74734723,16,0.802702427,151.0123565,20.16071965,100,0.132562408,14.31483549
20,727,27.98,2,2.77,0.85844602,13.11386457,18,0.369603317,128.9174904,9.055794948,66,0.135576817,14.28922737
20,728,27.98,2,2.77,0.96015494,14.15068683,18,0.417980905,133.04261,9.74380023,69,0.140768907,14.22348831
20,729,27.98,2,2.77,0.929398159,13.8295346,19,0.386568891,135.069316,9.448605724,66,0.148950232,14.29421166
20,730,27.98,2,2.77,0.881526973,13.61264295,19,0.370750051,129.4255022,9.285008421,67,0.134279116,14.32560647
20,731,27.98,2,2.77,0.828698877,12.82565584,19,0.339551743,127.0421317,8.482372182,64,0.133393896,14.28811392
