Sample_No,image_no,moisture,soil_type,soc,SI,luv_v,median_h,mean_r,CI,luv_u,median_s,xyz_Z,homogeneity
4,6,13.5,1,1.22,2.193528626,32.19006209,20,162.9836177,0.658256742,15.82543867,99,0.159225604,0.044731175
4,7,13.5,1,1.22,1.635630565,29.16849333,19,171.9700853,0.430063861,15.26672661,85,0.20474305,0.029579094
8,15,4.13,1,0.99,2.100016312,34.49910441,21,159.6281091,0.564867767,16.40336662,108,0.138034128,0.030469423
8,16,4.13,1,0.99,1.613534721,34.45187366,21,159.1781728,0.44245281,16.37981651,107,0.136946846,0.02149234
9,17,34.31,1,1.31,1.340567284,27.51836155,19,162.1806441,0.416578934,15.44275975,88,0.175969596,0.026098273
9,18,34.31,1,1.31,1.33586119,27.22835647,19,170.7757494,0.38890096,15.04517697,81,0.209500065,0.030935187
9,19,34.31,1,1.31,1.393296657,28.54217676,19,167.9445552,0.427462244,16.02175846,88,0.189339846,0.037034581
1,20,0.0,1,1.38,1.67808977,30.08418771,22,141.3242188,0.648100168,12.77337398,103,0.113908494,0.039270293
2,23,0.0,1,1.48,2.554788608,31.54245215,22,149.6930604,0.740292677,12.93439414,100,0.131992166,0.056150619
4,29,0.0,1,1.32,1.807602683,28.36591704,22,142.8822943,0.595493648,11.34343011,93,0.128933763,0.045574094
5,32,0.0,1,2.2,2.125487546,26.49608285,21,143.069874,0.637649617,11.14222079,88,0.136506462,0.052905897
6,35,0.0,1,1.49,2.347138528,27.6287869,22,148.82954,0.521455838,10.90890282,86,0.151011479,0.050198422
8,41,0.0,1,1.18,1.919228756,28.48574924,22,144.3629026,0.599703472,11.42765258,93,0.132503736,0.048612416
1,46,46.78,1,1.38,1.766634273,28.07587025,19,144.5408163,0.643578852,16.22562368,103,0.117270654,0.03371542
1,47,46.78,1,1.38,1.794961846,30.61543325,19,149.6291853,0.672643896,17.29596018,108,0.119429098,0.033412655
2,48,46.5,1,1.48,1.230061812,24.74186345,19,128.1736886,0.54058725,13.65754895,102,0.093442374,0.03872288
2,49,46.5,1,1.48,1.621931102,27.20328923,19,138.4635085,0.62503459,15.58461183,105,0.105978476,0.037212104
4,51,48.55,1,1.32,1.016479046,23.4325755,20,123.261639,0.464837604,12.27455395,99,0.089489534,0.036586852
4,52,48.55,1,1.32,1.531173799,26.24130954,19,139.571887,0.563481382,14.76721916,99,0.11448355,0.032263638
5,53,51.05,1,2.2,1.451034298,25.68298883,19,141.9511918,0.533039204,14.29466091,95,0.124377758,0.03201272
5,54,51.05,1,2.2,1.463100137,25.64800509,19,141.1315171,0.527907314,14.19459715,95,0.12255409,0.032005999
6,55,39.76,1,1.49,1.298189206,23.70657489,20,132.890346,0.512519031,11.5560495,88,0.115229053,0.040302759
6,56,39.76,1,1.49,1.582728675,26.05162056,20,142.8477958,0.518030532,12.80861815,90,0.131082668,0.037202679
8,59,48.3,1,1.18,1.802034073,31.43985398,20,144.7016303,0.699259388,17.09867837,114,0.104350001,0.035395634
8,60,48.3,1,1.18,1.876995119,32.0309129,20,148.0205875,0.674010723,17.18651234,113,0.110885494,0.034080603
1,64,6.86,1,1.38,1.855681313,35.05623157,21,150.6662946,0.582658687,16.58061546,118,0.110155994,0.031533885
1,65,6.86,1,1.38,2.038112606,35.98479094,21,151.8234813,0.617167587,17.620782,122,0.106810902,0.032188518
2,66,7.21,1,1.48,1.912338151,33.00220941,21,148.1412229,0.695701127,16.09054249,113,0.111695738,0.036536588
2,67,7.21,1,1.48,2.22592103,35.44167922,21,154.6802256,0.685565686,17.19465355,116,0.117704139,0.035812261
4,70,7.34,1,1.32,2.053647028,35.27840706,21,152.5439055,0.631947519,17.8203759,119,0.110369519,0.031696925
4,71,7.34,1,1.32,1.838508178,33.19696957,20,149.9001315,0.625009191,16.79691377,114,0.113442077,0.029940266
5,72,10.52,1,2.2,1.754154227,32.19069008,20,150.396863,0.549748548,16.24002752,109,0.119980378,0.032551999
5,73,10.52,1,2.2,1.790423769,32.03591229,20,148.9572106,0.539493971,16.12260806,109,0.116928549,0.031781955
6,74,8.04,1,1.49,1.915886187,33.11361126,21,154.4303651,0.533514327,15.82737228,106,0.129733346,0.036126727
6,75,8.04,1,1.49,1.876134611,33.5866177,21,155.3753388,0.477037339,15.90606874,107,0.130547735,0.032035546
6,76,8.04,1,1.49,1.910268541,33.47278739,21,156.5037269,0.525890802,15.9526602,106,0.134076039,0.036007099
8,80,7.07,1,1.18,2.161013289,35.73069915,21,151.1367785,0.682839252,17.85726293,122,0.105080049,0.035869976
8,81,7.07,1,1.18,2.409024813,38.25692015,21,159.659379,0.675181432,19.19711402,123,0.115087234,0.031825528
8,82,7.07,1,1.18,2.440508456,38.71972194,21,159.744898,0.673267459,19.36677751,125,0.11317784,0.031887559
1,86,2.73,1,1.38,1.76239758,30.4593987,21,155.6067243,0.515442098,13.43267862,95,0.151828458,0.033280283
1,87,2.73,1,1.38,1.625447345,29.34244788,21,153.4893575,0.475379975,12.89902187,92,0.151388508,0.031180978
2,88,5.1,1,1.48,2.130419545,35.08350255,21,158.2756696,0.556322348,15.59406153,109,0.134923015,0.034993039
2,89,5.1,1,1.48,2.021038532,34.55754161,22,166.3104074,0.477631525,14.57301826,99,0.166144289,0.032577345
2,90,5.1,1,1.48,2.011094705,34.20907061,22,164.5072545,0.48756281,14.31513745,99,0.162647573,0.032912516
4,93,2.37,1,1.32,1.774299238,32.08993785,21,153.7695313,0.586553123,14.46141972,102,0.136386774,0.031834607
4,94,2.37,1,1.32,1.772010979,31.98207296,21,159.4185467,0.524094928,14.33286544,97,0.1546324,0.030007168
5,95,4.33,1,2.2,1.690854317,30.73030642,21,153.835499,0.481726955,13.54243441,96,0.144919745,0.03195892
5,96,4.33,1,2.2,1.607494609,30.10414382,21,157.351144,0.441019034,13.01780488,91,0.160396419,0.031372193
6,97,2.79,1,1.49,1.512366703,30.71189697,22,157.8844467,0.380015542,12.00786055,90,0.164080057,0.030228298
6,98,2.79,1,1.49,1.452527188,30.02966401,22,162.5595105,0.351639837,11.99854164,85,0.182573472,0.028501807
8,101,3.91,1,1.18,2.035033189,36.08044152,21,162.5590123,0.517935117,16.27576068,109,0.141608404,0.030692349
8,102,3.91,1,1.18,1.904649838,35.4554699,21,164.9670759,0.478114982,15.65664464,104,0.15385972,0.027434933
8,103,3.91,1,1.18,2.013245399,39.68541103,22,165.0045041,0.444325601,16.24950699,116,0.135746199,0.024945569
1,107,0.75,1,1.38,1.904631341,34.38866094,21,149.5976762,0.643666737,16.68024869,117,0.109157617,0.032592263
1,108,0.75,1,1.38,2.323044987,37.81529523,21,157.8910435,0.625789139,18.30283842,122,0.114744903,0.030429136
2,110,0.71,1,1.48,2.470900447,37.43970574,21,161.2184511,0.636438684,17.98378486,118,0.126468735,0.032994128
2,111,0.71,1,1.48,2.507582144,37.28622468,21,161.0831075,0.630126206,18.01907704,117,0.126497994,0.033446351
2,112,0.71,1,1.48,2.205087109,35.85909333,21,163.3921795,0.582901449,16.88639339,110,0.142642107,0.033694538
2,113,0.71,1,1.48,2.283885692,36.00010825,21,163.692343,0.556988726,16.9178601,110,0.142918516,0.033554321
4,116,0.69,1,1.32,1.894786755,32.23657376,21,149.1075614,0.718424307,15.50386649,109,0.118794995,0.037149444
4,117,0.69,1,1.32,1.764519586,31.53763185,21,148.1776945,0.679101094,14.9235735,106,0.12053212,0.034455273
4,118,0.69,1,1.32,2.438190383,39.99984468,21,169.5285993,0.568716715,19.45677411,120,0.136228947,0.028308876
5,119,0.87,1,2.2,1.772668747,30.93498881,20,146.5186344,0.643483256,15.16114512,107,0.11711358,0.035621967
5,120,0.87,1,2.2,1.799261986,31.12820695,20,147.8927176,0.646225765,15.20428125,106,0.120115219,0.037301905
5,121,0.87,1,2.2,1.89194546,32.79771015,20,154.1804648,0.596154124,16.09047509,107,0.129153436,0.032091513
6,122,0.62,1,1.49,1.581913066,29.75317239,21,147.782665,0.502062023,13.71467054,98,0.129669365,0.033601658
6,123,0.62,1,1.49,1.7273307,34.62017965,21,161.6867626,0.494106523,16.27099836,105,0.144334109,0.031268191
6,124,0.62,1,1.49,1.621869759,31.26103612,21,159.5556043,0.509847173,14.28172488,95,0.157969857,0.032551639
8,128,0.68,1,1.18,2.264788022,37.06990576,21,162.5983937,0.586882772,17.66624853,115,0.132943104,0.029276749
8,129,0.68,1,1.18,2.30591355,37.74502209,21,163.5931322,0.58637656,17.94193993,116,0.132429672,0.029779125
8,130,0.68,1,1.18,2.221075233,36.10341878,21,155.6548948,0.637581082,17.45332589,118,0.117278014,0.031510872
1,134,19.4,1,1.38,1.83766853,34.82768068,20,142.1470225,0.709954982,19.21811355,134,0.081840515,0.030115556
1,135,19.4,1,1.38,1.948217964,34.88586132,20,152.7097816,0.635820193,18.64730249,120,0.109406175,0.027497209
2,136,19.86,1,1.48,2.071200376,34.93713468,20,151.5737006,0.737041264,19.56225034,123,0.103383709,0.03274847
2,137,19.86,1,1.48,1.634844986,32.05904609,20,139.83524,0.779897387,17.78281239,123,0.088449836,0.034438771
4,142,1.81,1,1.32,1.898723427,33.73483009,20,149.114198,0.725068336,18.41322505,121,0.104430526,0.03264376
4,143,1.81,1,1.32,1.94440503,34.95649601,20,154.6189214,0.674189688,19.45196136,121,0.111655879,0.028513916
4,144,1.81,1,1.32,1.938124613,34.41204161,20,153.6031768,0.667903791,19.02196783,119,0.112114399,0.028660356
5,145,4.12,1,2.2,1.793764552,31.65071162,20,150.2485651,0.582866175,16.95972973,109,0.118891497,0.030082189
5,146,4.12,1,2.2,1.632716426,28.82376815,20,142.839784,0.54094422,15.08710729,104,0.114136648,0.029217905
5,147,4.12,1,2.2,1.85292807,33.57641873,20,150.3342235,0.593602456,17.84568451,117,0.109933734,0.029478713
6,148,2.36,1,1.49,1.629240326,31.05321107,20,145.015904,0.595782694,16.07178282,111,0.109663932,0.028555589
6,149,2.36,1,1.49,1.696340307,32.33253407,20,149.4920679,0.600097101,16.71509495,112,0.11542255,0.029667451
8,153,22.42,1,1.18,2.108339684,36.12996452,20,148.3475167,0.859935222,20.6574097,133,0.088469749,0.033978169
8,154,22.42,1,1.18,2.313487995,37.75750171,20,154.9745297,0.892511987,22.00949264,133,0.095671101,0.033136518
8,155,22.42,1,1.18,2.180953412,35.26287749,21,147.2827846,0.722312547,17.80345967,124,0.096904737,0.03353335
1,159,3.03,1,1.38,1.923519906,33.71981798,21,154.2984096,0.578094432,16.04185333,109,0.126497678,0.029360722
1,160,3.03,1,1.38,2.227587489,35.82952105,21,153.8520408,0.658169563,17.58417007,119,0.11283992,0.031888193
1,161,3.03,1,1.38,2.163035273,35.54708496,21,158.2329998,0.606506792,17.23375777,113,0.127205524,0.032454808
2,162,2.6,1,1.48,2.380456554,38.48183132,21,167.3793248,0.563620354,18.03339909,115,0.140707952,0.029243125
2,163,2.6,1,1.48,2.309365617,36.4683441,21,163.7767658,0.588189884,17.2178968,111,0.140313657,0.034028155
2,164,2.6,1,1.48,2.294698264,41.12453002,21,177.0750359,0.486660064,19.35977026,116,0.155695018,0.02686372
4,168,1.81,1,1.32,1.998639818,35.12583723,21,164.0293766,0.516859536,15.82964131,105,0.151453432,0.02977353
4,169,1.81,1,1.32,2.141876175,37.33901687,21,170.5571987,0.489582712,16.87846855,107,0.159603815,0.029782848
4,170,1.81,1,1.32,2.055959949,34.51349839,21,158.6512077,0.602466508,15.84143735,108,0.137159804,0.034709677
5,171,4.12,1,2.2,2.050483233,34.65635703,21,162.8484136,0.558312351,16.97493012,106,0.145072396,0.032016122
5,172,4.12,1,2.2,2.107289541,36.39156046,21,165.8181401,0.548734759,18.03122698,110,0.143746086,0.031707006
5,173,4.12,1,2.2,1.858098729,36.27235644,21,165.676419,0.452311055,16.80742424,107,0.148454332,0.029544181
6,174,2.36,1,1.49,1.770565723,33.12406543,22,157.8702766,0.534905445,14.51191766,102,0.14488141,0.032399025
6,175,2.36,1,1.49,1.905954879,36.26700753,21,164.8631816,0.465729798,16.02102011,107,0.149008099,0.028619707
6,176,2.36,1,1.49,1.631361552,31.93868394,22,159.46307,0.459931259,13.88196178,96,0.156764568,0.029104924
8,180,3.23,1,1.18,2.347452293,35.96683358,21,152.0955238,0.690541194,17.1291386,119,0.109182614,0.037863028
8,181,3.23,1,1.18,2.234832385,36.65083213,21,160.6244619,0.576519457,16.98502934,113,0.13113013,0.031579318
8,182,3.23,1,1.18,2.242431599,37.19946844,21,163.3632215,0.543509556,16.81921628,112,0.137874631,0.034409467
1,186,0.82,1,1.38,1.749901671,32.3484723,21,154.6326531,0.547639996,14.51060979,102,0.137861654,0.032020168
1,187,0.82,1,1.38,1.485390179,29.49720078,21,139.3576212,0.542609339,13.51370709,104,0.10803796,0.031243325
2,188,0.74,1,1.48,1.777274017,31.34049185,21,148.5117387,0.614782499,14.1857069,103,0.12472225,0.031967149
4,191,0.74,1,1.32,2.011638798,32.98458707,20,154.9829002,0.645941621,16.08254658,107,0.130859101,0.032104409
4,192,0.74,1,1.32,1.972937679,33.81175238,21,158.5456792,0.598313201,16.34797854,107,0.137466644,0.030519488
5,193,0.91,1,2.2,1.487234777,29.33430647,21,150.9848932,0.431881498,13.06825262,93,0.143022467,0.028301304
5,194,0.91,1,2.2,1.562563683,31.29190154,21,156.3808992,0.440135395,14.13309883,96,0.148429375,0.027941399
5,195,0.91,1,2.2,1.513669187,30.44999624,21,153.2808115,0.451075687,13.60094037,95,0.143996325,0.029582428
6,196,0.67,1,1.49,1.600132817,31.22491621,21,152.7063935,0.501773181,13.74603098,98,0.138957868,0.028385058
6,197,0.67,1,1.49,1.607453035,32.73758696,21,152.7241709,0.518179571,14.72395938,105,0.130094672,0.030082279
8,202,0.76,1,1.18,1.771630441,31.97247707,22,149.5169404,0.546921335,13.83691747,103,0.126702887,0.033916512
8,203,0.76,1,1.18,1.945826684,35.13844146,21,163.0755341,0.470892757,15.68645161,105,0.148978174,0.029497063
10,206,13.26,2,2.05,1.302367847,28.47832054,20,156.0999283,0.378448074,14.32168508,93,0.157050655,0.027692258
10,207,13.26,2,2.05,1.328364812,29.71981839,20,163.1478795,0.363976615,15.06138546,93,0.17237712,0.025057913
10,208,13.26,2,2.05,1.309646333,29.45345664,20,161.3709144,0.377401568,14.78292861,93,0.168648162,0.025531555
10,209,13.26,2,2.05,1.224433258,29.2918048,20,158.6043128,0.383682394,14.71291035,94,0.160493896,0.02425569
10,210,13.26,2,2.05,1.313905103,30.1402199,20,160.8079759,0.382876595,14.88784903,95,0.163750621,0.024317139
10,211,13.26,2,2.05,1.281995185,29.55029193,20,162.0340202,0.368730007,14.71496445,93,0.17077179,0.025677932
10,212,13.26,2,2.05,1.209725185,28.07453019,20,153.4504544,0.405281493,12.95455125,91,0.155640746,0.025125002
10,213,13.26,2,2.05,1.245491921,27.25941035,20,156.0948063,0.3695144,13.6269464,89,0.164380974,0.025074206
10,216,13.26,2,2.05,1.110866177,25.53078361,19,152.842056,0.385778919,14.57145038,88,0.156344696,0.02913465
10,217,13.26,2,2.05,1.120733638,25.56804713,19,154.6618104,0.375993815,14.68684306,87,0.161562686,0.027530998
11,218,13.35,2,2.29,1.080475361,26.80503661,19,158.005102,0.340206039,13.9884261,86,0.170862168,0.029537002
11,219,13.35,2,2.29,1.053060573,25.66819705,19,156.8299984,0.336388267,13.41417617,83,0.173677628,0.029404361
11,220,13.35,2,2.29,1.157581702,27.30084193,19,158.2009925,0.353086384,14.41714728,89,0.167835935,0.026879623
11,221,13.35,2,2.29,1.155839872,27.93542703,19,160.6058873,0.374875103,14.86430455,90,0.171541312,0.027405759
11,222,13.35,2,2.29,1.113921136,27.54750163,19,159.6346261,0.357989297,14.71462893,89,0.170407115,0.026802335
11,223,13.35,2,2.29,1.094496479,26.62296091,19,152.8904456,0.32981115,13.7791307,89,0.15577101,0.032167372
11,224,13.35,2,2.29,1.030818032,25.69739784,19,149.0190529,0.344090432,13.55334055,90,0.147853183,0.033628807
11,225,13.35,2,2.29,1.129830936,28.4372197,19,159.4474649,0.34989428,14.56042416,91,0.167075246,0.027149064
11,226,13.35,2,2.29,1.077735179,27.95374495,20,157.3766342,0.334559435,13.7207524,89,0.165597344,0.027941469
11,227,13.35,2,2.29,1.114927993,28.0840351,20,157.035794,0.335638795,13.78564871,90,0.163724487,0.028529172
11,228,13.35,2,2.29,1.165061282,29.03300394,20,158.1793886,0.347927612,14.27564763,92,0.161877761,0.026736625
11,229,13.35,2,2.29,1.19595997,29.06697616,20,159.2932677,0.353705535,14.28062804,92,0.165363962,0.027928111
10,269,0.0,2,2.05,1.305660439,30.78574672,21,136.5585738,0.801526298,15.36246386,118,0.091381272,0.040932817
10,270,0.0,2,2.05,1.439212893,28.73145787,20,137.4880823,0.730736213,14.25068067,107,0.103151591,0.044961004
11,272,0.0,2,2.29,1.340630666,29.01294245,20,133.9261998,0.554796011,14.63347993,114,0.09232472,0.031948215
11,273,0.0,2,2.29,1.245002186,23.97596651,19,128.2927475,0.481618216,13.17037817,98,0.097352552,0.034000076
10,296,27.86,2,2.05,0.740541525,24.06937612,19,113.6550941,0.409878449,14.17958986,117,0.062208982,0.044194918
10,298,27.86,2,2.05,0.394401084,18.6276029,21,96.83484136,0.145611837,8.488295482,98,0.056023945,0.050440522
10,299,27.86,2,2.05,0.41635554,19.77897207,20,100.0921755,0.177123024,9.689302296,103,0.056706705,0.048976412
11,300,29.46,2,2.29,0.464841999,21.85073452,19,98.6408243,0.253562085,14.24937623,130,0.040353292,0.050487178
11,302,29.46,2,2.29,0.430415706,19.37146696,20,102.2869699,0.205317294,9.799839505,98,0.061440055,0.049130671
11,303,29.46,2,2.29,1.200093894,25.26747031,19,128.0233179,0.547249539,13.57499763,103,0.091876573,0.04136705
10,312,12.44,2,2.05,1.577973709,29.10160518,19,139.5923748,0.664617226,16.30774564,111,0.100912587,0.035369522
10,313,12.44,2,2.05,0.516850946,21.43115022,19,101.2412109,0.29512117,12.22373375,117,0.049575926,0.045026524
10,314,12.44,2,2.05,1.241130013,26.8418134,20,128.1848095,0.513738713,13.20011687,107,0.089026674,0.034559279
10,315,12.44,2,2.05,1.645982428,30.61238991,20,140.4693479,0.585698752,15.43802094,112,0.101303456,0.031919121
11,316,13.59,2,2.29,1.19895339,23.70566435,19,124.4021445,0.518344669,13.61497212,102,0.087483587,0.036747156
11,317,13.59,2,2.29,0.378103216,18.21738574,18,88.81881776,0.180543646,11.28767844,120,0.037519037,0.048843916
11,318,13.59,2,2.29,1.48720463,28.15291717,20,136.5147082,0.551439547,15.06278958,108,0.099858362,0.033766028
11,319,13.59,2,2.29,1.748969341,32.11417854,20,145.9495177,0.630678491,17.46339148,116,0.104325025,0.032273507
10,328,5.25,2,2.05,1.871187193,30.61571143,20,145.5988321,0.720949626,15.43903499,107,0.11470225,0.037794666
10,329,5.25,2,2.05,1.023760282,24.75384265,20,123.5254106,0.516490943,12.82179117,104,0.084971143,0.042945214
10,330,5.25,2,2.05,1.87113864,32.29805028,21,155.4810666,0.576566225,15.12941751,103,0.138246228,0.033570255
10,331,5.25,2,2.05,2.041489681,34.59813688,21,157.1909279,0.56223969,16.29135434,110,0.130896305,0.031932652
11,332,4.3,2,2.29,1.63891994,29.50164126,20,138.1647463,0.676949747,15.97492074,112,0.097193212,0.036400326
11,333,4.3,2,2.29,0.584498133,22.41439622,19,107.7606027,0.341399922,12.78483982,113,0.057971284,0.050803143
11,334,4.3,2,2.29,2.020011044,33.01614686,20,158.0199298,0.63569419,16.28726037,105,0.138957977,0.033838041
11,335,4.3,2,2.29,2.209306277,34.58261887,20,158.1998764,0.660685943,17.70684105,112,0.128793174,0.033220146
10,344,36.1,2,2.05,0.575781207,21.91133063,19,98.99380182,0.307274116,13.76608042,129,0.041730643,0.046253534
10,345,36.1,2,2.05,0.713626482,23.0645051,19,107.7458745,0.392249484,13.87118836,120,0.05405708,0.041197481
10,347,36.1,2,2.05,1.142135061,24.21661664,20,130.097457,0.450944729,11.33112638,92,0.107100604,0.033794723
10,348,36.1,2,2.05,1.456868648,28.30275426,21,134.850865,0.497832148,13.25095327,104,0.100928886,0.030740416
11,349,32.6,2,2.29,0.471083422,19.46471341,18,96.84956952,0.235630231,12.30784414,115,0.045854506,0.046166758
11,351,32.6,2,2.29,1.739468364,29.60283229,19,146.5820313,0.645978788,16.66088243,106,0.116502278,0.030561708
11,352,32.6,2,2.29,1.41504082,28.1847048,21,135.8824936,0.529403541,13.327822,103,0.103651285,0.033202856
14,361,17.5,1,2.07,1.039032389,25.28828562,17,146.0076531,0.410572317,17.51380842,102,0.125801119,0.027328848
14,365,17.5,1,2.07,1.376290629,32.84547591,18,155.7442004,0.461971589,20.37160308,118,0.118638146,0.025956975
14,366,17.5,1,2.07,1.334224954,31.98795319,19,155.0738002,0.433860611,19.22341621,114,0.123481527,0.025876958
14,367,17.5,1,2.07,1.366073563,32.65171543,19,156.7840003,0.440250156,19.62278995,115,0.124696602,0.025944769
14,368,17.5,1,2.07,1.264791676,29.77836569,18,153.7641303,0.449351171,18.89011782,109,0.128308685,0.025401149
14,369,17.5,1,2.07,1.237226412,30.79189789,18,155.4167929,0.458487458,19.24449632,111,0.128392387,0.024745976
14,370,17.5,1,2.07,1.235162042,28.6451307,17,154.9997808,0.456196733,19.10373646,106,0.134938694,0.024724719
14,371,17.5,1,2.07,1.1206067,27.32087278,18,149.0135124,0.404876108,16.8123517,102,0.130177229,0.023818262
16,383,19.2,1,2.66,0.762018593,18.41461735,16,144.4103157,0.327724352,12.95625729,74,0.161054755,0.024910343
16,384,19.2,1,2.66,0.868111364,20.31079727,17,150.9365234,0.345932956,13.87099681,77,0.171827467,0.025117706
16,385,19.2,1,2.66,0.864043118,19.94895247,17,149.0969188,0.333370452,13.40902856,76,0.168997907,0.025616691
16,386,19.2,1,2.66,0.745199553,18.62557607,17,143.8310547,0.311212621,12.32846688,73,0.161059875,0.029689286
16,387,19.2,1,2.66,1.011880556,22.88795883,17,156.0117188,0.380946298,15.34230949,83,0.173089551,0.024026529
16,388,19.2,1,2.66,0.882524424,21.42395037,17,152.6520647,0.365518792,14.43467685,80,0.171098823,0.023562725
16,389,19.2,1,2.66,0.897748636,21.33704865,17,150.956832,0.358960454,14.29122935,80,0.166429578,0.022408643
16,390,19.2,1,2.66,0.958734773,21.97471404,17,154.8756178,0.363673279,14.64181118,80,0.175632265,0.022417797
16,391,19.2,1,2.66,0.964890789,22.22726769,17,152.9553372,0.367911745,14.6176141,82,0.168414668,0.027258195
16,392,19.2,1,2.66,0.928153754,21.3800799,17,151.1295241,0.380081849,14.56431285,81,0.165706763,0.024380822
16,393,19.2,1,2.66,0.921651371,21.68797583,17,153.9994021,0.364618438,14.37937753,79,0.174866743,0.023855986
16,394,19.2,1,2.66,1.097268713,25.93402368,18,154.2150231,0.373490511,15.38163561,91,0.156013237,0.022602093
16,395,19.2,1,2.66,1.071039284,25.63830559,18,153.4961137,0.374010844,15.35954157,91,0.154885719,0.024427308
17,396,13.3,1,1.59,1.456028156,23.69691905,19,151.1424785,0.509478457,12.75872191,80,0.164924659,0.032425976
17,397,13.3,1,1.59,1.565744486,26.04801657,19,154.5349769,0.504739768,14.26506775,86,0.161133426,0.032299945
17,398,13.3,1,1.59,0.820582194,20.60560842,18,141.8366749,0.320483622,12.36743903,79,0.147879279,0.024931144
17,399,13.3,1,1.59,0.786486999,20.56764235,18,139.14774,0.283538016,11.58003742,80,0.142923183,0.02664048
17,400,13.3,1,1.59,0.748757054,19.5116627,18,139.3573422,0.280314236,11.19195827,76,0.148609658,0.025370439
17,401,13.3,1,1.59,0.678296927,17.31411257,17,139.865633,0.286869757,11.20270069,70,0.15758083,0.025154563
18,402,13.6,1,1.27,1.262172776,26.74862615,19,152.5811942,0.402226935,14.42775104,90,0.151757948,0.020670922
18,403,13.6,1,1.27,1.291392086,29.14217902,19,157.0696349,0.402617487,15.6816852,95,0.152276091,0.018778275
18,404,13.6,1,1.27,1.435464819,29.43565271,19,156.1298828,0.45328781,16.17754705,98,0.146385956,0.021255689
18,405,13.6,1,1.27,1.512423448,26.57806211,19,153.462771,0.479521869,14.20672217,88,0.156023275,0.026486402
18,406,13.6,1,1.27,1.59140236,26.64721065,19,155.4587851,0.476662572,14.29816965,87,0.161792023,0.027758168
18,407,13.6,1,1.27,0.989217491,24.41014445,19,149.0393814,0.332018681,13.76045011,87,0.151589217,0.026193808
18,408,13.6,1,1.27,1.016796845,25.19700626,19,148.2289939,0.34276114,14.15792236,90,0.144818658,0.021412187
18,409,13.6,1,1.27,1.040482893,25.91662164,19,147.7885244,0.360561569,15.06238605,95,0.137635983,0.024429315
18,410,13.6,1,1.27,1.063066918,23.42426766,19,145.2157605,0.366069629,13.47004207,85,0.144366472,0.023852292
18,411,13.6,1,1.27,1.050304698,24.14466387,19,148.3921596,0.379747326,13.79501163,86,0.150365819,0.023658399
18,412,13.6,1,1.27,1.109690562,26.29579292,19,153.3855827,0.358627886,14.32201918,89,0.156329281,0.022697084
18,413,13.6,1,1.27,1.046712481,25.74077791,19,151.3532167,0.352176314,14.62132352,90,0.150730494,0.023110583
18,414,13.6,1,1.27,1.025876019,25.51209422,19,149.9690091,0.346255277,14.38708776,90,0.148165094,0.023100621
18,415,13.6,1,1.27,1.005928474,25.76788594,19,152.8766342,0.329336906,13.58744699,86,0.159591703,0.023058701
19,416,19.4,2,2.51,0.926818701,21.79687927,17,156.885523,0.356736754,14.28304648,77,0.184728441,0.027889746
19,417,19.4,2,2.51,0.799875947,19.90221813,17,149.3391661,0.311967265,12.66110252,73,0.173165196,0.025316514
19,418,19.4,2,2.51,0.7823793,19.57178653,17,148.7902384,0.317031217,12.7038021,73,0.172346111,0.025525504
19,419,19.4,2,2.51,0.918880783,22.91781978,18,150.7627152,0.321621785,13.1502687,80,0.164866087,0.026772811
19,420,19.4,2,2.51,0.898362932,22.47752944,18,151.7302097,0.322064198,13.26748063,79,0.169145668,0.025599988
19,421,19.4,2,2.51,0.793090204,19.71077625,17,144.8659319,0.326873465,12.95198551,76,0.158041371,0.031001717
19,422,19.4,2,2.51,0.915463058,22.05889207,17,154.0856784,0.382447185,15.26592395,81,0.170047371,0.024282385
19,423,19.4,2,2.51,0.886945866,21.70824557,17,153.6492148,0.367383765,14.63347065,79,0.172538145,0.023882846
19,424,19.4,2,2.51,0.889255997,21.78767103,17,150.8523796,0.359472661,14.1457025,80,0.165078189,0.023534356
19,425,19.4,2,2.51,1.072481587,26.83958192,18,158.7376834,0.393790359,16.51424788,91,0.162660097,0.021649125
19,426,19.4,2,2.51,1.11073297,25.58730751,18,153.8251156,0.407360731,16.05483979,91,0.153360603,0.027332602
20,427,18.6,2,2.77,0.974345693,23.13515702,18,149.9700056,0.342642239,13.60275552,83,0.159655881,0.026861324
20,428,18.6,2,2.77,1.128894731,26.65712777,19,152.948282,0.371420203,15.34780184,94,0.149615195,0.022148656
20,429,18.6,2,2.77,1.167044601,28.37732976,19,153.693758,0.36525404,15.05847847,97,0.146966143,0.024422744
20,430,18.6,2,2.77,1.250361021,28.73763809,19,155.2169962,0.419546908,16.47613523,100,0.144925814,0.026238905
20,431,18.6,2,2.77,1.153492155,26.46207252,19,151.0950454,0.382447014,14.86762312,93,0.146453542,0.027743514
20,432,18.6,2,2.77,1.019125444,23.94632661,18,152.0535914,0.383078755,15.12812315,87,0.157251407,0.026202208
20,433,18.6,2,2.77,0.962596442,23.30187353,18,150.4654616,0.361373283,14.59127864,86,0.1566433,0.027270259
20,434,18.6,2,2.77,0.89355557,21.84060614,18,145.957968,0.334222666,13.5445108,83,0.151752961,0.027303851
20,435,18.6,2,2.77,0.911578013,22.07919328,17,147.584383,0.354370807,14.21938704,84,0.153326623,0.026194792
20,436,18.6,2,2.77,0.962919746,22.85809888,17,149.6299426,0.365260728,14.59735496,85,0.155537148,0.028015308
14,437,0.0,1,2.07,1.403742978,27.77487734,18,138.6828563,0.795243419,18.634293,116,0.095530052,0.039862499
14,440,0.0,1,2.07,1.511491815,30.75959506,19,143.8972218,0.778530179,17.70219348,117,0.102492272,0.028971934
14,441,0.0,1,2.07,1.616524258,31.92949474,19,148.4739716,0.704238091,18.30852166,117,0.108782537,0.026570931
14,443,0.0,1,2.07,1.130909466,27.36556859,18,135.3556282,0.70500706,17.82418569,116,0.091046572,0.041033982
14,444,0.0,1,2.07,1.564841107,31.43026499,19,146.9095783,0.736978513,18.08504572,117,0.106971505,0.02774529
16,451,0.0,1,2.66,0.794431118,24.24944797,19,115.7389987,0.399941366,14.43176121,118,0.065282697,0.041137692
16,452,0.0,1,2.66,0.969265625,21.63662163,18,124.6813815,0.554174346,13.11858888,96,0.095188296,0.045578892
16,453,0.0,1,2.66,1.074432416,23.7578879,20,127.1084582,0.505520203,12.18197421,97,0.098129247,0.034840814
16,454,0.0,1,2.66,1.646734053,30.08084034,19,146.6281091,0.703493481,16.88667646,110,0.114352938,0.030444715
16,455,0.0,1,2.66,1.139855934,23.88031694,19,127.5383251,0.525687505,12.89829419,99,0.096613604,0.036079805
16,456,0.0,1,2.66,1.094828195,24.02313156,20,128.7620177,0.536202124,12.46105365,97,0.10060079,0.037614776
17,457,0.0,1,1.59,1.193118934,29.68936435,19,132.685806,0.965026242,17.52320332,123,0.079379334,0.042660708
17,458,0.0,1,1.59,1.584556704,28.22623714,19,139.3192961,0.92420925,16.90410423,110,0.100982427,0.047857703
17,459,0.0,1,1.59,1.279581995,28.08881727,20,131.5745775,0.711149731,14.09628264,110,0.090919008,0.04503843
17,460,0.0,1,1.59,1.580224471,29.818729,20,136.0941885,0.856354349,15.33954311,114,0.093125975,0.041184893
17,461,0.0,1,1.59,1.292882429,29.35844115,20,130.3145528,0.74849914,15.08321526,118,0.081640485,0.041279521
17,462,0.0,1,1.59,1.570111162,28.88343034,20,135.2559391,0.795432096,15.29215544,111,0.093934801,0.042884336
18,463,0.0,1,1.27,1.171015901,30.12148361,19,131.5207071,0.871459398,17.75694205,127,0.075053788,0.042428458
18,464,0.0,1,1.27,1.475372527,28.06475503,19,138.1099729,0.806238706,16.38187904,110,0.100033073,0.046134309
18,465,0.0,1,1.27,1.773571804,30.9589466,20,145.0359136,0.729234434,16.30675591,112,0.109247619,0.031478555
18,466,0.0,1,1.27,1.714691619,30.44012995,20,142.3948701,0.744329267,15.61336454,111,0.106203818,0.035781464
18,467,0.0,1,1.27,1.53827338,29.81984739,19,139.1293447,0.742368259,16.81589673,116,0.096092581,0.032995567
18,468,0.0,1,1.27,1.878444506,30.90636112,20,146.2216199,0.750063726,16.8448634,112,0.110792402,0.033200783
19,469,0.0,2,2.51,0.741988291,25.8452014,19,120.8545918,0.523750282,15.72786051,119,0.068600685,0.049971413
19,471,0.0,2,2.51,1.444442587,27.20306444,19,132.2107781,0.678412816,14.77925119,108,0.092904003,0.043198551
19,472,0.0,2,2.51,1.471969794,27.38832033,19,138.1796091,0.491663689,14.74238397,103,0.107393265,0.050897686
19,473,0.0,2,2.51,1.079259766,25.30297769,19,129.3668288,0.663489246,13.63303064,102,0.094832363,0.04753107
20,474,0.0,2,2.77,0.760217814,29.5473711,19,125.9286312,0.830914299,18.11066826,133,0.064002388,0.051927779
20,476,0.0,2,2.77,1.33281193,30.09606955,20,132.9404695,0.888219066,16.03183028,120,0.082934624,0.044687232
20,477,0.0,2,2.77,1.507369566,30.12277449,20,136.4569515,0.92510112,16.42736037,117,0.089913746,0.043411879
20,478,0.0,2,2.77,0.58222252,24.44445172,19,117.799147,0.421931466,13.28054817,111,0.07194809,0.053719986
20,479,0.0,2,2.77,0.727646137,25.47480545,19,123.4746492,0.521914623,13.80885718,109,0.080176498,0.052262129
14,480,77.01,1,2.05,0.786887359,18.60202498,17,110.0531928,0.371627925,13.96582904,104,0.068051454,0.02583741
14,481,77.01,1,2.05,1.043295086,22.05434938,16,130.5761918,0.535278523,18.11234057,107,0.093438917,0.020391226
14,482,77.01,1,2.05,0.703155113,17.00385613,17,113.4495775,0.340413442,11.2888535,86,0.086383293,0.030361941
14,483,77.01,1,2.05,0.805288006,18.11860243,17,118.0662468,0.375943893,12.14681079,88,0.091701514,0.027557957
14,484,77.01,1,2.05,0.748745182,17.10978117,17,115.6459463,0.338988333,11.45139348,85,0.09070847,0.029487235
14,485,77.01,1,2.05,0.865775036,18.64743515,17,119.9202607,0.379505095,12.34157658,89,0.094128756,0.028653359
16,494,65.56,1,2.66,0.312120576,10.85704254,20,94.66230867,0.12995516,4.894029797,58,0.078448069,0.039661191
16,495,65.56,1,2.66,0.746220324,16.10176349,18,125.5523956,0.321074135,9.199675428,68,0.126554669,0.027238649
16,496,65.56,1,2.66,0.370121863,11.44865014,20,96.38585058,0.15167536,5.699832635,61,0.078378032,0.036701987
16,497,65.56,1,2.66,0.486188823,11.76594074,19,110.419603,0.203559601,5.924746236,53,0.1101125,0.032592147
17,498,51.52,1,1.59,0.557993007,17.15119355,17,93.47620376,0.264620367,12.23927614,113,0.04483198,0.033898039
17,499,51.52,1,1.59,0.785475461,20.35689665,17,113.2690305,0.416580606,14.02944803,105,0.07039618,0.031517924
17,501,51.52,1,1.59,0.775995703,18.65711055,19,113.944595,0.338456186,10.39153287,86,0.085977996,0.030621562
17,502,51.52,1,1.59,0.740744608,18.76377545,19,112.544304,0.324103296,10.26198506,88,0.082922938,0.032434673
18,503,60.16,1,1.27,0.582259534,17.98303495,17,95.5516183,0.293398926,13.0357014,116,0.045042025,0.035480188
18,504,60.16,1,1.27,0.814612656,20.37877438,17,116.333526,0.479853115,15.07474824,105,0.074037165,0.032919701
18,505,60.16,1,1.27,0.622500163,17.16195087,18,106.3137755,0.31514843,10.40346326,89,0.072911909,0.034127618
18,506,60.16,1,1.27,0.69258214,17.42621649,18,108.3737046,0.325177574,10.46604214,88,0.07647353,0.035236845
18,507,60.16,1,1.27,1.131384152,22.28162828,18,127.8647959,0.525802182,14.03403831,96,0.098370654,0.02882141
18,508,60.16,1,1.27,0.677667634,17.48819832,18,109.1168088,0.314367553,10.5612407,88,0.077658647,0.03330653
19,509,21.1,2,2.51,0.693843624,19.80666799,17,100.467614,0.348537076,13.91269227,121,0.047909096,0.039011547
19,510,21.1,2,2.51,1.028983572,23.28769899,17,123.5454401,0.518302534,16.11057854,111,0.079675247,0.033886021
19,511,21.1,2,2.51,0.755594725,19.36869869,19,108.8990553,0.328219773,11.21521562,98,0.070987888,0.035885426
19,512,21.1,2,2.51,0.940889142,20.8550091,19,117.6274115,0.398000688,12.16171935,97,0.083605802,0.034295955
19,513,21.1,2,2.51,0.973658092,21.79939771,18,119.6439134,0.430196365,13.08682156,101,0.083108606,0.032762461
19,514,21.1,2,2.51,0.990421419,22.40982423,19,121.3300582,0.443049058,13.15192756,101,0.085166733,0.031936693
20,515,50.91,2,2.77,0.475094026,16.95216496,17,87.62143256,0.210210338,12.16473347,121,0.036285531,0.046045408
20,516,50.91,2,2.77,0.731634892,21.3395304,17,113.2388471,0.464948896,14.43157088,109,0.067046412,0.037863174
20,518,50.91,2,2.77,0.510630913,17.21584088,19,105.2289142,0.248678561,9.293247787,87,0.073532287,0.042160773
20,519,50.91,2,2.77,0.740631223,19.96221763,19,111.8339246,0.360772946,10.9383041,95,0.076504037,0.038293188
20,520,50.91,2,2.77,0.434840547,15.78791764,19,101.0637556,0.204574149,8.59573978,83,0.07008587,0.046280034
20,521,50.91,2,2.77,0.818480815,19.63608682,19,116.8909837,0.396144405,10.83938477,89,0.088920967,0.038245146
14,522,61.42,1,2.07,1.041917205,22.17984426,16,116.4559152,0.643982884,17.66658165,117,0.063723314,0.031937657
14,523,61.42,1,2.07,1.612643925,25.58864857,16,140.1772561,0.752495968,19.7527782,108,0.10220194,0.026762507
14,524,61.42,1,2.07,1.399946587,24.19765164,18,132.0726642,0.62665543,16.12290004,102,0.096995331,0.028958594
14,525,61.42,1,2.07,1.528194973,24.76643977,18,131.2432039,0.648200626,16.54405807,105,0.092175588,0.028939081
14,526,61.42,1,2.07,1.604541575,26.42970731,17,135.4620735,0.655741577,18.42930038,111,0.0921735,0.027486139
14,527,61.42,1,2.07,1.422930809,23.34802136,17,128.4497967,0.640419029,16.36100661,103,0.089959405,0.028945342
16,534,60.57,1,2.66,0.505502841,12.90055755,17,97.28310348,0.24906988,8.446342532,76,0.069231844,0.0302476
16,535,60.57,1,2.66,0.647659004,14.29426183,17,116.4238879,0.346666588,10.11391919,71,0.104216973,0.027505148
16,536,60.57,1,2.66,0.631129204,14.50409335,19,112.797732,0.277351949,7.751549979,67,0.102395864,0.029097948
16,537,60.57,1,2.66,0.632418953,14.35401568,19,113.1430963,0.278864363,7.742975923,66,0.103695492,0.029529115
16,538,60.57,1,2.66,0.653017782,15.5908895,19,115.0535116,0.315432112,8.549476901,71,0.102439282,0.028585517
16,539,60.57,1,2.66,0.506669975,12.99732459,20,104.3928173,0.211699562,6.529925583,63,0.09002064,0.031523415
17,540,45.07,1,1.59,0.571504895,17.38617609,17,95.93277663,0.291736337,12.43510136,110,0.048045019,0.035580885
17,541,45.07,1,1.59,0.996643734,22.1436843,17,122.5668447,0.553418387,14.40806579,102,0.085103377,0.030996706
17,542,45.07,1,1.59,0.476718632,16.8817495,19,96.07521524,0.228446703,9.617931322,96,0.055563474,0.038159069
17,543,45.07,1,1.59,0.948137742,20.6144911,19,116.1926419,0.430384845,11.68589997,94,0.08235174,0.029576269
17,544,45.07,1,1.59,0.942222802,20.57616293,19,113.7790179,0.432480239,12.07571972,98,0.076079301,0.028443053
17,545,45.07,1,1.59,0.48819848,16.85332332,18,96.34146781,0.236182269,9.83849339,96,0.05558585,0.038589629
18,546,55.97,1,1.27,0.893754846,19.82821721,17,112.7204241,0.410834511,13.62089464,102,0.071547419,0.031066454
18,547,55.97,1,1.27,1.065423098,22.9796566,17,132.0884675,0.57001992,15.65407246,100,0.10189436,0.027314291
18,548,55.97,1,1.27,0.980665609,20.82452394,19,121.0031091,0.429030873,11.94353283,92,0.092133491,0.029424465
18,549,55.97,1,1.27,0.942697834,20.30746939,19,116.4660196,0.417152511,11.97888641,95,0.082904872,0.033810217
18,550,55.97,1,1.27,1.091191447,21.45926058,19,121.759646,0.467505559,12.43961414,95,0.09074293,0.031581686
19,551,4.44,2,2.51,1.057110784,22.61322892,19,119.8338249,0.545115991,13.82060593,104,0.079425237,0.036121069
19,552,4.44,2,2.51,1.908918464,29.06283469,18,157.9110132,0.690371871,17.89257058,100,0.146645473,0.030560918
19,553,4.44,2,2.51,1.22878233,23.74411968,20,130.5284399,0.50720195,12.1773829,93,0.106806429,0.032669876
19,554,4.44,2,2.51,1.033953826,22.64047126,20,124.218471,0.481047983,11.61046769,93,0.095951698,0.035255921
19,555,4.44,2,2.51,1.343822452,24.63422908,19,134.4518893,0.5298217,13.02280403,94,0.111597972,0.029531277
19,556,4.44,2,2.51,1.393413589,25.37844099,19,137.8260922,0.493921895,13.47603886,94,0.116816864,0.02917137
19,557,4.44,2,2.51,1.073735901,22.76850904,20,125.1302415,0.503188714,11.86731925,94,0.097021556,0.03504629
20,558,42.7,2,2.77,0.459827308,17.72195613,17,88.83266901,0.19742543,12.46497248,123,0.036202499,0.048478252
20,559,42.7,2,2.77,0.980350196,22.11537336,17,120.5644631,0.533668516,14.80145189,106,0.079611266,0.046639688
20,560,42.7,2,2.77,0.51619337,19.07946801,19,101.649992,0.265026712,11.36384238,105,0.057100713,0.043284423
20,561,42.7,2,2.77,0.783571622,21.16613145,19,111.6801459,0.407419772,12.46474089,104,0.069251825,0.039462533
20,562,42.7,2,2.77,0.877278397,21.95747014,19,114.6621293,0.452397862,12.98579105,105,0.072187362,0.035485585
20,563,42.7,2,2.77,0.643622865,20.07565497,19,105.0380461,0.337098753,12.02999784,107,0.059724779,0.04135323
20,564,42.7,2,2.77,0.595696021,19.70568371,19,102.1440131,0.293878489,11.90060295,109,0.055448397,0.041507122
14,566,33.5,1,2.05,1.438612738,21.62282334,16,137.1435547,0.734240338,15.72812302,91,0.118813151,0.036235619
14,567,33.5,1,2.05,1.155272656,21.92139652,17,120.4296875,0.660438601,14.46651916,101,0.08071474,0.036101819
14,568,33.5,1,2.05,1.334305447,23.42296633,18,123.993463,0.712360686,15.70529981,105,0.08141763,0.036449863
14,569,33.5,1,2.05,1.114417614,22.17825201,17,117.7638911,0.690990023,15.16945031,107,0.072483641,0.03560065
16,580,37.0,1,2.66,0.379633713,13.90942878,20,97.49137038,0.177786148,6.793211482,72,0.071934233,0.048802566
16,581,37.0,1,2.66,0.426330259,13.94089747,19,99.17546237,0.207517565,7.099395461,72,0.074507293,0.046505495
16,582,37.0,1,2.66,0.418601754,13.57554558,20,98.50544085,0.188435208,6.828952571,70,0.074704564,0.046717309
16,583,37.0,1,2.66,0.343333452,13.41992946,20,95.54729353,0.158356241,6.660360739,71,0.069425253,0.048291256
17,584,23.77,1,1.59,0.497515669,15.76411101,17,97.0866749,0.252752637,11.25490977,97,0.055851567,0.038695991
17,585,23.77,1,1.59,0.919973414,18.63121043,17,128.3560866,0.475179741,12.11403697,82,0.116303234,0.032918328
17,586,23.77,1,1.59,0.713313738,19.05491461,18,107.9251036,0.342936899,11.28142285,97,0.069542554,0.034222364
17,587,23.77,1,1.59,1.029169461,21.5063187,19,120.1417012,0.465961239,12.41451002,96,0.086925631,0.030622999
17,588,23.77,1,1.59,0.909671549,21.11616746,19,115.1051499,0.432566352,12.43795822,100,0.076627585,0.031345346
17,589,23.77,1,1.59,0.784139447,19.88188845,19,109.3288425,0.362496229,11.74568834,99,0.069293635,0.032840187
18,590,26.02,1,1.27,0.365163994,16.99349265,17,96.77387596,0.170807222,11.62484796,103,0.052002987,0.057094935
18,591,26.02,1,1.27,1.110734423,19.65555058,17,128.425582,0.671119918,12.7262635,85,0.111429414,0.046607976
18,592,26.02,1,1.27,0.481988281,19.45142124,19,107.435806,0.279362614,11.3107034,98,0.067567344,0.05098282
18,593,26.02,1,1.27,0.850184821,22.40910242,19,116.2437022,0.528447124,13.47122183,105,0.073143191,0.045268242
18,594,26.02,1,1.27,0.745223599,21.36543447,19,112.4414262,0.450703585,12.90343231,104,0.069215738,0.043032171
18,595,26.02,1,1.27,0.928379312,22.83595696,19,117.6676499,0.545609817,13.69563828,105,0.074523977,0.043218577
18,596,26.02,1,1.27,0.931934987,21.86237318,18,117.1219308,0.541464156,13.28714967,102,0.076841883,0.042086513
19,597,1.66,2,2.51,0.715128032,19.11360286,18,112.3361169,0.370450382,11.59066026,93,0.077849107,0.038822809
19,598,1.66,2,2.51,1.761454206,24.15198892,18,153.1445512,0.67636426,14.33086576,84,0.163249666,0.035563619
19,599,1.66,2,2.51,0.875202107,20.7579812,20,119.6488361,0.420264069,10.60771012,88,0.093163315,0.037334966
19,600,1.66,2,2.51,1.032859335,22.08913466,20,123.4975686,0.505321586,11.52679018,92,0.095977719,0.033668582
19,601,1.66,2,2.51,1.28686145,23.05995379,19,129.8692801,0.540014538,12.30295985,91,0.106694781,0.03370814
19,602,1.66,2,2.51,1.240855159,22.5617878,19,129.3989955,0.543562953,11.86035666,89,0.108392881,0.034452054
20,603,25.73,2,2.77,0.481370368,16.50946982,17,94.15473533,0.249958247,12.02339044,107,0.047598896,0.043391862
20,604,25.73,2,2.77,0.818642706,18.68718301,17,121.1790099,0.425138302,12.17474182,88,0.097574952,0.037874702
20,605,25.73,2,2.77,0.468070223,17.33688077,18,97.63075973,0.230711566,10.2608284,100,0.055946242,0.044744219
20,606,25.73,2,2.77,0.669911274,19.46548328,18,105.2579919,0.326615253,11.9345268,104,0.061701097,0.03818586
20,607,25.73,2,2.77,0.670183594,19.69481847,18,104.6881776,0.321534187,12.02677761,106,0.059895304,0.039214032
20,608,25.73,2,2.77,0.602921013,18.59104558,18,101.6793686,0.27902716,11.33241463,103,0.058259415,0.040534752
20,609,25.73,2,2.77,0.725607744,20.19032112,18,108.204839,0.353194518,12.36081867,105,0.064779382,0.03690778
20,610,25.73,2,2.77,0.675490662,19.57894267,18,104.5998884,0.327153543,11.97558652,106,0.060100944,0.038910123
14,611,0.18,1,2.07,1.490099714,24.13223918,17,133.5915976,0.734668389,16.5819024,101,0.099529386,0.03546975
14,612,0.18,1,2.07,1.831745948,29.33388005,17,170.4366032,0.595230713,19.44268223,96,0.180032297,0.030885859
14,613,0.18,1,2.07,1.5278816,27.99086248,19,137.2434829,0.579312773,16.79780882,110,0.0968395,0.028364968
14,614,0.18,1,2.07,1.655720927,29.92946647,19,143.1385124,0.588150054,17.85492835,113,0.102607813,0.026908217
14,615,0.18,1,2.07,1.603296273,30.0722862,19,142.426997,0.601551722,17.90342195,114,0.100235497,0.029118969
14,616,0.18,1,2.07,1.614252541,28.14840849,19,140.4872848,0.588252339,16.74044879,107,0.104682297,0.028684422
16,625,1.65,1,2.66,1.0810561,18.56155667,18,121.3474171,0.479758809,11.49622886,82,0.100461532,0.041254256
16,626,1.65,1,2.66,1.509762452,22.55768969,17,157.4114716,0.522905418,13.89972073,76,0.185356595,0.035635435
16,627,1.65,1,2.66,1.212592589,20.89656384,20,125.0807956,0.476730705,10.97189318,84,0.105026955,0.038349867
16,628,1.65,1,2.66,1.388369029,23.21182834,19,137.5131138,0.473292786,12.02224715,84,0.127888805,0.032676389
16,629,1.65,1,2.66,1.414837395,24.48644219,19,140.7334184,0.452233744,12.81749507,87,0.130079688,0.032742776
17,630,1.41,1,1.59,1.143840678,21.86762219,18,124.0954241,0.567066178,13.27638196,96,0.092681522,0.033586125
17,631,1.41,1,1.59,1.736668191,28.08541165,18,161.8573621,0.591598708,16.39160322,93,0.16873128,0.030121716
17,632,1.41,1,1.59,1.141540938,24.25940903,20,127.6969069,0.475916743,12.4666832,97,0.09727617,0.030926192
17,633,1.41,1,1.59,1.417835607,26.4256917,20,138.5627392,0.492717596,13.62479018,97,0.115055078,0.028298532
17,634,1.41,1,1.59,1.472794541,27.73394593,20,139.6425183,0.485766416,14.40629339,102,0.111273334,0.026415772
18,635,1.67,1,1.27,1.548608273,23.66308623,18,129.4834782,0.729947747,14.38375446,98,0.09742076,0.048073322
18,636,1.67,1,1.27,2.048801701,29.99251663,19,163.0525151,0.610530216,17.00720845,97,0.162943281,0.039701714
18,637,1.67,1,1.27,1.618918073,26.76906473,20,134.6222696,0.577152179,13.50354639,101,0.104085927,0.037086561
18,638,1.67,1,1.27,1.840325064,29.18058907,20,146.3429129,0.575839046,14.59833411,100,0.124301124,0.036958064
18,639,1.67,1,1.27,1.896981035,29.11786157,20,144.490354,0.56925663,15.03592066,102,0.117848297,0.035070117
19,640,1.33,2,2.51,0.589973636,17.97772774,18,109.5159239,0.335056023,11.31714121,91,0.075272571,0.044081458
19,641,1.33,2,2.51,1.757767961,22.04853816,17,149.5715681,0.669107544,13.73264269,81,0.161704905,0.038676193
19,642,1.33,2,2.51,1.175168621,22.39131928,20,127.1780533,0.527354451,11.70480599,90,0.10370062,0.033650394
19,643,1.33,2,2.51,1.286393291,23.26485128,19,130.9233099,0.530801476,12.41085386,91,0.108465501,0.031828393
19,644,1.33,2,2.51,1.201873959,22.73771694,19,126.9659798,0.534775714,12.08806728,92,0.100950889,0.031665946
20,645,3.96,2,2.77,0.787470759,21.87084365,18,115.1444117,0.508340609,13.98253505,106,0.070815264,0.04322891
20,646,3.96,2,2.77,1.916654067,25.86264168,18,150.8484534,0.776726003,16.43697808,96,0.141818644,0.03721748
20,647,3.96,2,2.77,1.054965843,24.00601481,19,119.8077567,0.480598563,13.45026906,107,0.076868483,0.037374085
20,648,3.96,2,2.77,1.459931723,26.92066392,19,133.7918527,0.571430483,14.92037362,107,0.097125601,0.031693032
20,649,3.96,2,2.77,1.28452652,26.31277996,19,126.5738999,0.536754568,14.70535823,111,0.082422522,0.034067789
20,650,3.96,2,2.77,1.283760663,25.96406868,19,126.4819037,0.537470263,14.56367283,110,0.083536877,0.033269469
14,651,2.19,1,2.05,1.895623367,28.46659636,17,145.2138672,0.748837767,19.71552898,110,0.106585635,0.033884366
14,652,2.19,1,2.05,2.228292193,36.01419588,18,174.2719428,0.673919369,23.67930544,114,0.150068048,0.030077603
14,653,2.19,1,2.05,1.810932543,29.19035665,19,150.7706473,0.642756887,17.02459969,102,0.128256186,0.033537217
14,654,2.19,1,2.05,1.919704266,31.75081145,19,155.8513433,0.66757971,18.58117727,107,0.128703085,0.034954778
14,655,2.19,1,2.05,1.836314111,31.18537504,19,154.1734295,0.634453515,18.11083575,106,0.127467904,0.03363573
14,656,2.19,1,2.05,1.749280527,27.55228589,19,144.769332,0.633881921,15.99405586,100,0.120343109,0.033825224
16,663,10.69,1,2.66,1.117289908,21.93476569,17,122.6851483,0.654570981,14.41735009,99,0.085888593,0.040709953
16,664,10.69,1,2.66,1.859104707,28.46741545,18,162.8016781,0.580295246,17.99040194,94,0.163864465,0.032350884
16,665,10.69,1,2.66,0.928458485,19.86248338,18,115.5232581,0.503932439,12.26036226,93,0.081125069,0.042879501
16,666,10.69,1,2.66,1.41658713,22.62490922,20,132.5095265,0.538359163,11.75981483,86,0.116783879,0.037023212
16,667,10.69,1,2.66,1.34235007,22.81818932,20,129.4850128,0.55483787,11.82012019,88,0.107999466,0.038816475
16,668,10.69,1,2.66,1.363790641,22.6526213,19,129.470743,0.547486279,12.00729923,89,0.107826758,0.037241446
17,669,3.65,1,1.59,1.371298479,27.42727936,18,128.3915617,0.679435854,17.5164572,119,0.075939263,0.034182174
17,670,3.65,1,1.59,2.119804644,34.53581493,19,170.597437,0.639465477,20.43353273,109,0.156443691,0.030506358
17,671,3.65,1,1.59,1.514823992,25.97675771,19,135.0893654,0.555411448,13.68865325,98,0.107043597,0.035347182
17,672,3.65,1,1.59,1.749316077,28.87298181,19,145.0239158,0.600083026,15.64195725,103,0.118025643,0.030970003
17,673,3.65,1,1.59,1.792384796,29.19380586,19,145.2864517,0.577966007,15.8266088,104,0.11709188,0.030090407
18,674,4.31,1,1.27,1.303391836,27.18505926,19,123.5799386,0.717233708,17.26040785,123,0.067107486,0.040157521
18,676,4.31,1,1.27,1.262079206,24.83735872,20,126.6671915,0.553409246,12.4386007,98,0.09324736,0.041763828
18,677,4.31,1,1.27,1.785612753,27.76939813,20,139.505401,0.570024429,14.11766852,100,0.111759659,0.037221076
18,678,4.31,1,1.27,1.821255436,28.98713501,20,143.4311224,0.575724307,15.32938746,103,0.114400193,0.033883877
19,679,2.77,2,2.51,1.133405419,22.34122716,17,122.4038783,0.643194735,14.88535352,102,0.082891608,0.03526924
19,680,2.77,2,2.51,1.937877722,28.07553174,18,153.4121891,0.640877204,18.09107068,100,0.135846064,0.03138141
19,681,2.77,2,2.51,1.098640744,21.0016409,19,124.6907685,0.496871593,11.2321095,86,0.102892648,0.036219727
19,682,2.77,2,2.51,1.16195022,21.73736357,19,124.0460379,0.524150145,11.72771255,90,0.09765902,0.035441126
19,683,2.77,2,2.51,1.407033613,23.43287597,19,132.0981545,0.553623473,12.94286534,92,0.109269896,0.032690123
20,684,5.18,2,2.77,1.484806482,26.37365468,18,128.7547632,0.667796262,16.99673201,114,0.080858585,0.034115473
20,685,5.18,2,2.77,1.904273524,31.77044915,18,155.1537388,0.668269714,20.3011328,113,0.120794802,0.029972556
20,686,5.18,2,2.77,1.526406867,25.43637702,19,132.4157964,0.570812409,14.23693931,101,0.100090789,0.033976628
20,687,5.18,2,2.77,1.641979838,27.76917363,19,134.6902702,0.585252836,15.8769591,110,0.094006902,0.031674513
20,688,5.18,2,2.77,1.600603024,26.78527183,19,137.0113002,0.5779799,14.98782029,103,0.105398609,0.032304287
20,689,5.18,2,2.77,1.613420242,27.43765979,19,135.0241749,0.605627716,15.56247416,108,0.096713932,0.033140936
14,692,27.75,1,2.05,1.271838786,21.02983431,17,142.3259526,0.475255449,13.47098525,79,0.143654961,0.02685876
14,693,27.75,1,2.05,1.271678084,21.67466564,17,145.3941127,0.530697806,15.29999709,83,0.143792776,0.0255413
14,694,27.75,1,2.05,1.36710463,23.50109157,17,145.9784957,0.566792523,17.05797845,91,0.133066084,0.02503694
17,705,29.25,1,1.59,0.437748641,19.69204885,17,91.2027264,0.213835398,14.4830159,134,0.03270458,0.04781661
17,706,29.25,1,1.59,1.812435322,25.32925269,16,147.082111,0.909114171,19.91458405,103,0.120566782,0.031322006
17,707,29.25,1,1.59,0.80054336,14.66906161,19,123.7516741,0.348360093,7.385106394,59,0.132706632,0.035103823
17,708,29.25,1,1.59,0.848874342,14.53500009,21,138.3143734,0.261904351,6.062831311,48,0.185177768,0.031448583
17,709,29.25,1,1.59,0.892785693,15.24936158,20,141.5779456,0.258023859,6.593727994,50,0.191414434,0.02977525
17,710,29.25,1,1.59,0.72413014,14.18106205,17,119.5885882,0.388425399,8.386246348,62,0.118765803,0.037957816
17,711,29.25,1,1.59,0.836779254,18.926327,18,116.5357741,0.399789654,11.3057703,87,0.08854282,0.041321152
18,713,29.5,1,1.27,2.149490737,28.19380578,16,151.4447345,0.908737767,21.68208825,110,0.117678303,0.035739059
18,714,29.5,1,1.27,0.78955177,20.6100031,17,115.0269452,0.544797619,14.23372085,102,0.072920257,0.044029175
18,715,29.5,1,1.27,0.981847253,16.37219801,19,132.6726921,0.382768697,8.289616447,60,0.150277807,0.034465618
18,716,29.5,1,1.27,1.068439195,16.66238024,20,139.3312141,0.323064517,7.718591377,56,0.173198858,0.033382527
18,717,29.5,1,1.27,0.96328643,15.7718084,21,140.7761081,0.28520491,6.764300695,51,0.185822287,0.033700072
18,718,29.5,1,1.27,0.828884825,14.26919471,21,127.1402065,0.297299008,6.252151115,52,0.148659414,0.037459996
19,719,21.72,2,2.51,0.490317748,17.75126353,17,92.17711655,0.234512224,12.63384709,119,0.040887241,0.0437607
19,721,21.72,2,2.51,0.755469467,14.06562086,19,128.2566765,0.306656298,6.826244388,54,0.150349008,0.03449959
19,722,21.72,2,2.51,0.834941406,14.76461628,19,134.4405493,0.319563211,7.164200824,54,0.166195495,0.031873551
19,723,21.72,2,2.51,0.637953717,13.05893266,20,124.114497,0.251832664,5.83651363,50,0.145090423,0.033021149
19,724,21.72,2,2.51,0.772011597,15.11910901,19,130.4821429,0.307696106,7.388696362,57,0.1514036,0.030336263
20,725,27.98,2,2.77,0.422304867,17.56169855,17,87.86306202,0.189997019,12.58136497,124,0.034852932,0.04667853
20,726,27.98,2,2.77,1.616688306,24.76523266,16,151.0123565,0.802702427,20.16071965,100,0.132562408,0.026514499
20,727,27.98,2,2.77,0.85844602,16.47848621,18,128.9174904,0.369603317,9.055794948,66,0.135576817,0.027914397
20,728,27.98,2,2.77,0.96015494,17.82725015,18,133.04261,0.417980905,9.74380023,69,0.140768907,0.029073587
20,729,27.98,2,2.77,0.929398159,17.56507963,19,135.069316,0.386568891,9.448605724,66,0.148950232,0.028425289
20,730,27.98,2,2.77,0.881526973,17.08116572,19,129.4255022,0.370750051,9.285008421,67,0.134279116,0.027382016
20,731,27.98,2,2.77,0.828698877,16.14239066,19,127.0421317,0.339551743,8.482372182,64,0.133393896,0.028908266
